{
    "version": 1,
    "samplesPerInference": 100,
    "axesCount": 3,
    "classes": [
        "Not_move",
        "Pitch_neg",
        "Pitch_pos",
        "Roll_neg",
        "Roll_pos",
        "Yaw_neg",
        "Yaw_pos"
    ],
    "deployCounter": 1,
    "folders": {
        "input": "/home/input",
        "output": "/home/output"
    },
    "frequency": 100,
    "impulse": {
        "inputBlocks": [
            {
                "id": 2,
                "type": "time-series",
                "name": "Time series",
                "title": "Time series data",
                "primaryVersion": true,
                "padZeros": true,
                "windowSizeMs": 1000,
                "windowIncreaseMs": 1000,
                "frequencyHz": 100
            }
        ],
        "dspBlocks": [
            {
                "id": 3,
                "type": "syntiant-imu",
                "name": "Syntiant IMU",
                "axes": [
                    "x",
                    "y",
                    "z"
                ],
                "title": "IMU (Syntiant)",
                "primaryVersion": true,
                "input": 2,
                "implementationVersion": 1,
                "metadata": {
                    "created": "2024-01-29T13:57:32.721Z",
                    "dspConfig": {
                        "options": {
                            "scaling": true,
                            "scaling_raw": false,
                            "padding": true
                        },
                        "calculateFeatureImportance": false
                    },
                    "labels": [
                        "Not_move",
                        "Pitch_neg",
                        "Pitch_pos",
                        "Roll_neg",
                        "Roll_pos",
                        "Yaw_neg",
                        "Yaw_pos"
                    ],
                    "valuesPerAxis": 101.33333333333333,
                    "windowCount": 112,
                    "featureCount": 304,
                    "windowSizeMs": 1000,
                    "windowIncreaseMs": 1000,
                    "frequency": 100,
                    "padZeros": true,
                    "outputConfig": {
                        "type": "flat",
                        "shape": {
                            "width": 304
                        }
                    },
                    "fftUsed": [],
                    "includeEmptyLabels": false,
                    "inputShape": [
                        300
                    ],
                    "includedSamplesAreInOrder": true
                }
            }
        ],
        "learnBlocks": [
            {
                "id": 7,
                "type": "keras",
                "name": "Classifier",
                "dsp": [
                    3
                ],
                "title": "Classification",
                "primaryVersion": true,
                "mutated": true
            }
        ]
    },
    "project": {
        "name": "Recognition_gyroscope",
        "id": 342547,
        "owner": "Ignacio Latre",
        "apiKey": "ei_1d0e8f6f8ed5296efd11be7a986268ffa37b72b62c76a13ce3ab635295046146",
        "studioHost": "localhost:4800"
    },
    "sensor": "fusion",
    "tfliteModels": [
        {
            "arenaSize": 4115,
            "inputFrameSize": 304,
            "inputTensor": "dense_input",
            "outputTensor": "y_pred/Softmax:0",
            "details": {
                "modelType": "int8",
                "inputs": [
                    {
                        "dataType": "int8",
                        "name": "serving_default_x:0",
                        "shape": [
                            1,
                            304
                        ],
                        "quantizationScale": 1.278584599494934,
                        "quantizationZeroPoint": -3
                    }
                ],
                "outputs": [
                    {
                        "dataType": "int8",
                        "name": "StatefulPartitionedCall:0",
                        "shape": [
                            1,
                            7
                        ],
                        "quantizationScale": 0.00390625,
                        "quantizationZeroPoint": -128
                    }
                ]
            },
            "modelPath": "/home/input/trained.tflite"
        }
    ]
}