{"ph_type": "SC", "states": [{"timeout": 0, "timeout_action": "stay", "timeout_action_arg": 0, "classes": [{"label": "Not_move", "phwin": 0, "phth": 0.85, "phbackoff": 0, "phaction": 0, "phaction_arg": 0, "smoothing_queue_size": 1}, {"label": "Pitch_neg", "phwin": 0, "phth": 0.99, "phbackoff": 0, "phaction": 0, "phaction_arg": 1, "smoothing_queue_size": 1}, {"label": "Pitch_pos", "phwin": 0, "phth": 0.99, "phbackoff": 0, "phaction": 0, "phaction_arg": 2, "smoothing_queue_size": 1}, {"label": "Roll_neg", "phwin": 0, "phth": 0.99, "phbackoff": 0, "phaction": 0, "phaction_arg": 3, "smoothing_queue_size": 1}, {"label": "Roll_pos", "phwin": 0, "phth": 0.99, "phbackoff": 0, "phaction": 0, "phaction_arg": 4, "smoothing_queue_size": 1}, {"label": "Yaw_neg", "phwin": 0, "phth": 0.99, "phbackoff": 0, "phaction": 0, "phaction_arg": 5, "smoothing_queue_size": 1}, {"label": "Yaw_pos", "phwin": 0, "phth": 0.5, "phbackoff": 0, "phaction": 0, "phaction_arg": 6, "smoothing_queue_size": 1}, {"label": "Yaw_pos", "phwin": 255, "phth": 0.998, "phbackoff": 0, "phaction": 2, "phaction_arg": 7, "smoothing_queue_size": 1}]}]}