timestamp,accX,accY,accZ,gyrX,gyrY,gyrZ
0,0.16,1.20,-0.43,-40.65,-23.32,93.81
20,0.27,0.96,-0.14,-61.34,-31.37,102.72
40,0.33,0.80,-0.06,-64.94,-26.12,103.88
60,0.47,0.73,-0.02,-61.71,-24.60,100.59
80,0.63,0.55,0.17,-45.10,-18.37,88.44
100,0.67,0.44,0.26,-25.51,-21.97,67.08
120,0.68,0.36,0.26,-6.90,-16.72,45.10
140,0.66,0.33,0.28,11.41,-12.70,12.33
160,0.66,0.40,0.22,18.86,-3.42,-6.71
180,0.67,0.54,0.09,25.94,1.89,-22.22
200,0.61,0.53,-0.09,30.27,9.40,-46.63
220,0.65,0.32,-0.12,17.58,13.43,-68.48
240,0.57,0.39,-0.13,16.97,16.85,-91.67
260,0.28,1.01,-0.10,38.88,16.48,-111.39
280,0.21,1.37,0.21,49.62,3.85,-95.28
300,0.34,0.87,0.09,51.76,11.84,-72.02
320,0.46,0.58,0.06,35.58,31.68,-90.45
340,0.18,0.84,-0.53,28.44,62.07,-113.77
360,0.07,1.96,-0.91,19.17,67.81,-113.40
380,-0.52,1.84,-0.12,5.19,33.20,-68.05
400,0.30,0.93,-0.08,18.01,-16.66,17.64
420,0.39,0.66,-0.39,16.42,6.41,9.89
440,0.39,0.78,-0.25,-0.18,12.88,-14.04
460,0.20,1.08,-0.16,-0.73,20.57,-32.59
480,0.05,1.11,-0.10,7.81,14.59,-30.15
500,0.15,1.02,-0.17,6.53,0.73,-18.07
520,0.12,0.99,-0.23,-2.69,4.46,-10.38
540,0.18,0.99,-0.17,-2.81,1.53,-10.86
560,0.20,0.99,-0.16,-0.37,0.61,-9.83
580,0.18,0.99,-0.17,-0.24,1.83,-9.03
600,0.16,1.00,-0.15,0.43,2.26,-7.26
620,0.17,1.00,-0.16,0.85,3.48,-4.03
640,0.18,0.99,-0.18,0.67,5.80,-0.61
660,0.18,0.98,-0.18,1.65,7.08,0.85
680,0.18,0.98,-0.18,1.89,8.48,1.95
700,0.17,0.98,-0.18,-14.83,8.85,3.66
720,0.14,1.00,-0.15,-4.09,4.46,7.20
740,0.09,1.03,-0.15,-6.47,0.67,14.53
760,0.10,1.03,-0.15,-14.71,-3.66,23.93
780,0.21,1.07,-0.09,-33.14,-19.10,34.97
800,0.13,1.24,-0.11,-30.64,-22.03,37.48
820,0.21,1.29,-0.21,-24.11,-30.09,47.73
840,0.17,1.49,-0.36,-14.95,-24.84,72.94
860,0.12,1.33,-0.43,-27.28,-23.74,90.09
880,0.11,1.17,-0.35,-46.88,-29.36,100.71
900,0.24,0.99,-0.12,-71.59,-24.66,111.02
920,0.37,0.82,-0.02,-71.29,-20.32,113.22
940,0.49,0.65,0.03,-72.88,-12.51,113.83
960,0.69,0.47,0.18,-63.72,-12.88,96.68
980,0.65,0.47,0.16,-49.26,-17.46,75.62
1000,0.67,0.37,0.23,-33.14,-14.59,56.09
1020,0.67,0.36,0.20,-13.61,-17.70,28.08
1040,0.64,0.40,0.30,0.37,-12.70,15.32
1060,0.67,0.31,0.31,15.20,-5.62,-0.31
1080,0.82,0.29,0.20,14.83,14.59,-39.43
1100,0.79,0.29,-0.08,10.25,19.84,-67.69
1120,0.45,0.82,-0.18,8.73,23.62,-92.59
1140,0.38,1.05,0.16,25.33,3.60,-93.20
1160,0.49,0.79,0.50,61.22,4.33,-90.58
1180,0.32,0.52,0.12,66.47,21.67,-100.46
1200,0.40,0.68,-0.35,42.24,25.94,-109.62
1220,0.16,1.35,-0.37,26.12,11.11,-108.03
1240,0.10,1.41,-0.10,18.13,10.56,-82.64
1260,0.40,0.79,0.17,23.38,6.04,-65.67
1280,0.44,1.32,-0.13,27.59,36.87,-86.30
1300,-0.48,2.26,-1.21,31.56,87.83,-82.76
1320,0.05,1.73,0.34,32.04,-20.75,-26.18
1340,0.32,0.87,-0.24,19.96,7.81,4.88
1360,0.25,0.91,-0.21,14.53,14.28,-4.94
1380,0.17,1.02,-0.12,12.39,12.39,-14.77
1400,0.19,1.00,-0.10,10.31,5.55,-7.20
1420,0.18,1.00,-0.13,10.44,2.93,-7.02
1440,0.20,0.98,-0.16,9.46,3.85,-5.92
1460,0.17,0.99,-0.13,5.31,1.95,-7.14
1480,0.17,0.99,-0.16,2.56,0.00,-6.29
1500,0.18,0.99,-0.16,1.22,0.37,-4.21
1520,0.18,0.99,-0.15,1.71,1.71,-2.20
1540,0.18,0.99,-0.16,2.99,3.05,-1.04
1560,0.17,0.99,-0.15,2.69,4.15,0.06
1580,0.18,0.99,-0.17,2.01,5.19,1.83
1600,0.18,0.98,-0.17,-1.40,6.23,2.32
1620,0.16,1.00,-0.15,-2.93,6.10,3.48
1640,0.16,0.99,-0.16,-3.17,5.55,6.23
1660,0.11,1.01,-0.12,-7.81,1.34,11.29
1680,0.14,1.01,-0.13,-12.94,-3.05,20.81
1700,0.13,1.04,-0.11,-18.62,-3.78,27.22
1720,0.23,1.05,-0.10,-25.63,-10.99,33.45
1740,0.21,1.06,-0.15,-22.03,-12.39,34.97
1760,0.21,1.15,-0.20,-22.77,-16.72,37.05
1780,0.22,1.43,-0.22,-22.16,-25.88,46.51
1800,0.14,1.45,-0.42,-24.90,-14.40,60.85
1820,0.15,1.31,-0.36,-29.91,-23.01,75.81
1840,0.22,1.04,-0.12,-45.65,-24.35,82.03
1860,0.23,1.00,-0.01,-56.58,-22.22,86.18
1880,0.38,0.96,0.11,-57.01,-19.59,94.85
1900,0.50,0.79,0.10,-48.65,-6.77,92.16
1920,0.55,0.60,0.07,-41.99,-2.99,83.98
1940,0.58,0.49,0.02,-34.61,-0.37,73.43
1960,0.63,0.50,0.14,-27.47,-7.26,46.14
1980,0.61,0.44,0.16,-13.43,-8.54,32.29
2000,0.65,0.37,0.17,-1.83,-8.91,12.27
2020,0.67,0.33,0.16,7.02,-2.14,-3.54
2040,0.78,0.30,0.13,15.38,6.53,-42.24
2060,0.73,0.21,0.02,13.24,11.54,-74.16
2080,0.40,0.62,-0.28,2.62,23.07,-106.63
2100,0.32,1.32,0.41,32.47,-10.13,-115.60
2120,0.30,1.36,0.49,49.26,-10.56,-90.94
2140,0.40,0.85,0.23,69.09,-0.37,-71.04
2160,0.36,0.58,-0.18,54.38,40.77,-90.58
2180,0.22,0.89,-0.26,39.73,39.73,-112.73
2200,-0.10,1.72,-0.39,28.14,39.37,-104.13
2220,0.18,1.48,-0.50,42.97,40.59,-65.19
2240,0.02,1.19,-0.31,30.52,45.17,-37.96
2260,-0.07,1.21,-0.05,19.53,19.84,-29.36
2280,0.09,1.10,-0.09,-0.49,4.52,1.53
2300,0.28,0.93,-0.13,0.00,1.04,2.99
2320,0.25,0.97,-0.13,3.91,6.16,-5.43
2340,0.19,1.01,-0.11,11.47,4.52,-9.46
2360,0.18,0.99,-0.16,12.45,2.14,-7.08
2380,0.19,0.98,-0.16,10.50,3.30,-4.88
2400,0.20,0.98,-0.17,7.26,2.99,-5.37
2420,0.18,0.99,-0.16,2.32,4.52,-5.37
2440,0.18,0.99,-0.16,0.92,3.17,-5.07
2460,0.18,1.00,-0.15,0.43,2.38,-4.27
2480,0.18,0.99,-0.15,3.78,2.93,-2.01
2500,0.18,0.99,-0.16,3.30,3.17,-1.22
2520,0.19,0.98,-0.17,1.95,3.91,-0.49
2540,0.18,0.99,-0.17,0.98,5.62,0.61
2560,0.18,0.98,-0.17,-1.40,5.43,1.65
2580,0.16,0.99,-0.16,-2.56,5.13,2.32
2600,0.11,1.02,-0.10,-5.37,2.56,8.18
2620,0.11,1.03,-0.14,-7.57,-2.87,19.35
2640,0.09,1.08,-0.10,-16.17,-8.00,27.95
2660,0.10,1.21,-0.11,-20.14,-14.59,46.39
2680,0.08,1.33,-0.21,-18.62,-19.71,60.97
2700,0.22,1.32,-0.26,-12.21,-20.02,69.27
2720,0.28,1.36,-0.36,-15.32,-12.88,84.66
2740,0.22,1.18,-0.38,-21.12,-21.67,98.27
2760,0.27,0.99,-0.26,-33.08,-26.06,98.08
2780,0.36,0.82,-0.04,-45.53,-24.11,86.67
2800,0.45,0.78,0.12,-48.65,-19.84,81.91
2820,0.44,0.85,0.11,-43.27,-10.99,80.32
2840,0.52,0.70,0.06,-37.23,-4.64,75.01
2860,0.61,0.57,0.02,-32.84,-1.59,65.86
2880,0.68,0.50,0.06,-29.85,-11.54,51.76
2900,0.66,0.53,0.09,-23.13,-6.84,37.66
2920,0.65,0.45,0.16,-6.23,-11.84,11.35
2940,0.66,0.47,0.11,2.01,-8.12,-1.59
2960,0.72,0.45,0.08,6.71,-0.67,-15.56
2980,0.70,0.39,0.15,16.60,6.29,-50.29
3000,0.55,0.52,0.04,21.67,17.46,-70.98
3020,0.55,0.72,0.09,35.89,13.00,-82.89
3040,0.40,0.84,0.04,50.42,11.41,-87.16
3060,0.45,0.76,-0.13,41.93,10.07,-83.68
3080,0.48,0.64,-0.31,23.32,18.37,-89.72
3100,0.24,1.04,-0.05,9.46,17.33,-105.59
3120,0.15,1.08,0.04,12.02,18.98,-103.03
3140,0.14,1.23,0.00,21.48,27.16,-93.20
3160,0.18,1.40,-0.16,26.55,33.63,-72.33
3180,0.01,1.28,-0.85,24.84,61.83,-61.65
3200,0.04,1.31,-0.20,14.34,41.69,-50.90
3220,-0.12,1.33,0.11,14.28,-5.55,-19.53
3240,0.26,0.93,-0.19,4.09,6.47,2.38
3260,0.22,0.97,-0.16,3.17,7.87,-4.33
3280,0.18,1.00,-0.12,3.30,5.98,-8.06
3300,0.18,0.99,-0.15,3.72,2.75,-5.19
3320,0.18,1.00,-0.13,4.09,0.43,-4.64
3340,0.20,0.98,-0.16,4.03,0.85,-2.38
3360,0.19,0.99,-0.16,2.08,1.22,-3.17
3380,0.19,0.99,-0.16,0.00,1.59,-2.50
3400,0.19,0.99,-0.16,-0.49,1.46,-1.71
3420,0.19,0.99,-0.15,-1.53,2.01,-1.53
3440,0.19,0.98,-0.16,-1.22,2.99,-1.40
3460,0.20,0.98,-0.16,-2.20,3.05,-1.46
3480,0.17,0.99,-0.15,-3.36,4.09,-0.85
3500,0.14,1.01,-0.12,-4.09,3.17,1.28
3520,0.12,1.03,-0.11,-3.85,0.06,7.39
3540,0.12,1.04,-0.13,-4.27,-4.33,23.93
3560,0.09,1.12,-0.11,-13.67,-8.18,33.69
3580,0.09,1.19,-0.12,-18.37,-15.44,45.90
3600,0.13,1.29,-0.21,-12.70,-28.44,66.65
3620,0.21,1.39,-0.23,-5.43,-19.10,73.79
3640,0.15,1.40,-0.44,-11.84,-13.43,86.00
3660,0.19,1.22,-0.39,-18.80,-23.38,102.97
3680,0.21,1.06,-0.17,-35.64,-33.45,105.41
3700,0.33,0.85,-0.02,-44.74,-33.75,107.48
3720,0.45,0.77,0.06,-48.16,-23.56,105.16
3740,0.56,0.64,0.05,-46.63,-7.87,96.68
3760,0.61,0.51,0.05,-45.23,-5.74,82.64
3780,0.63,0.44,-0.09,-39.18,-3.11,67.14
3800,0.67,0.49,0.09,-27.10,-12.76,41.20
3820,0.69,0.51,0.18,-18.49,-17.33,28.75
3840,0.69,0.49,0.24,-3.36,-16.60,10.80
3860,0.71,0.41,0.18,15.08,-4.52,-11.11
3880,0.73,0.38,0.17,21.00,0.85,-31.74
3900,0.75,0.37,0.16,27.59,9.83,-54.81
3920,0.62,0.54,-0.24,23.56,23.80,-85.27
3940,0.41,0.83,-0.26,25.39,21.00,-91.37
3960,0.45,1.08,0.09,27.16,3.85,-89.42
3980,0.44,0.98,0.07,26.61,7.87,-88.07
4000,0.46,0.62,-0.05,23.19,13.24,-92.29
4020,0.27,0.85,-0.18,10.38,30.40,-102.54
4040,0.13,1.35,-0.18,5.80,21.55,-98.45
4060,0.25,1.12,0.16,15.69,17.33,-76.35
4080,0.52,0.68,0.05,26.67,33.69,-76.84
4100,0.78,1.08,-1.32,29.30,86.00,-132.69
4120,-0.62,2.00,0.92,13.12,-30.09,-57.01
4140,0.32,0.91,-0.25,9.40,-11.54,27.83
4160,0.39,0.84,-0.23,-2.32,5.31,18.19
4180,0.21,1.00,-0.10,5.07,11.17,-4.94
4200,0.22,0.99,-0.12,11.47,9.52,-3.11
4220,0.21,0.99,-0.15,11.54,6.47,-4.03
4240,0.21,0.98,-0.15,7.75,3.42,-5.00
4260,0.20,0.98,-0.16,5.19,2.26,-6.65
4280,0.20,0.98,-0.16,2.81,0.61,-7.51
4300,0.20,0.98,-0.16,-0.12,-0.85,-6.71
4320,0.19,0.99,-0.14,-0.98,-1.04,-6.71
4340,0.19,0.99,-0.14,-0.85,-1.16,-5.68
4360,0.20,0.99,-0.14,0.18,0.06,-3.66
4380,0.19,1.00,-0.14,0.92,0.79,-2.20
4400,0.20,0.99,-0.15,0.79,1.53,-0.79
4420,0.19,0.99,-0.15,0.00,2.56,0.06
4440,0.20,0.99,-0.15,0.06,2.75,0.92
4460,0.20,0.99,-0.15,-1.16,3.36,0.85
4480,0.20,0.99,-0.15,-1.95,3.91,0.85
4500,0.18,0.99,-0.15,-1.46,3.97,1.77
4520,0.17,0.99,-0.15,-3.48,1.95,3.54
4540,0.13,1.02,-0.13,-6.10,-1.10,9.52
4560,0.15,1.01,-0.15,-18.43,-6.23,14.77
4580,0.11,1.08,-0.10,-27.95,-14.10,21.42
4600,0.11,1.19,-0.15,-31.49,-17.03,31.62
4620,0.19,1.27,-0.18,-21.48,-25.94,48.77
4640,0.25,1.33,-0.22,-13.18,-26.61,59.39
4660,0.23,1.35,-0.26,-12.70,-19.53,71.90
4680,0.21,1.25,-0.24,-22.09,-21.12,93.02
4700,0.22,1.12,-0.15,-27.65,-23.99,101.93
4720,0.30,0.93,-0.05,-34.00,-26.18,104.25
4740,0.43,0.74,0.04,-40.04,-21.79,101.62
4760,0.52,0.68,0.09,-38.70,-14.77,93.81
4780,0.59,0.56,0.10,-34.73,-7.81,85.45
4800,0.63,0.52,0.13,-28.32,-2.32,58.84
4820,0.66,0.53,0.13,-20.57,-8.54,43.15
4840,0.66,0.55,0.12,-13.73,-3.60,26.18
4860,0.69,0.53,0.18,-0.06,-5.74,4.70
4880,0.76,0.41,0.27,10.99,-0.79,-13.55
4900,0.81,0.20,0.22,23.07,8.85,-38.33
4920,0.75,-0.06,0.00,28.20,41.99,-94.73
4940,0.27,0.75,-0.34,14.95,36.68,-124.69
4960,0.37,1.18,-0.11,27.16,4.21,-127.14
4980,0.01,1.79,-0.02,15.14,-1.65,-106.93
5000,0.48,0.87,0.19,18.55,-10.56,-54.81
5020,0.46,0.37,0.15,25.63,17.82,-71.41
5040,0.36,0.75,-0.11,20.81,34.00,-93.93
5060,0.05,1.50,-0.15,17.88,24.72,-91.67
5080,0.23,1.40,0.10,26.79,13.18,-62.99
5100,0.37,1.05,-0.28,43.76,38.27,-46.51
5120,-0.03,1.33,-0.40,19.96,41.99,-62.19
5140,-0.05,1.31,0.20,9.40,6.35,-40.65
5160,0.14,1.03,-0.13,9.28,11.41,-8.30
5180,0.20,1.01,-0.08,2.44,0.92,-2.14
5200,0.22,0.98,-0.13,5.13,5.13,-0.18
5220,0.20,1.00,-0.12,7.39,2.38,-3.11
5240,0.20,0.99,-0.15,9.16,1.83,-3.17
5260,0.19,0.99,-0.15,7.39,-0.12,-2.50
5280,0.19,0.99,-0.15,6.23,0.98,-1.77
5300,0.19,0.98,-0.16,4.46,0.92,-1.28
5320,0.20,0.98,-0.17,1.59,0.31,-1.71
5340,0.20,0.98,-0.16,-0.24,-0.31,-2.99
5360,0.20,0.99,-0.15,-1.77,-0.24,-4.58
5380,0.19,0.99,-0.14,0.06,0.43,-4.33
5400,0.19,0.99,-0.15,1.16,0.98,-3.05
5420,0.18,0.99,-0.15,0.98,1.22,-2.14
5440,0.19,0.99,-0.15,0.43,1.34,-0.37
5460,0.19,0.99,-0.15,0.37,1.77,0.31
5480,0.19,0.99,-0.15,0.73,2.08,0.67
5500,0.19,0.98,-0.16,1.40,3.05,1.65
5520,0.19,0.98,-0.17,-0.18,3.85,1.40
5540,0.18,0.98,-0.16,-2.01,3.78,1.28
5560,0.13,0.98,-0.18,-4.70,0.31,8.00
5580,0.14,1.03,-0.14,-13.18,-8.00,15.20
5600,0.20,1.03,-0.11,-22.03,-11.90,20.20
5620,0.13,1.16,-0.12,-21.67,-11.23,26.06
5640,0.13,1.30,-0.17,-23.32,-21.85,43.15
5660,0.19,1.36,-0.30,-15.63,-25.09,56.09
5680,0.25,1.32,-0.22,-15.56,-16.66,75.44
5700,0.17,1.26,-0.34,-24.05,-16.42,91.55
5720,0.20,1.12,-0.28,-37.05,-21.06,100.04
5740,0.26,0.96,-0.11,-44.80,-28.02,103.09
5760,0.41,0.85,0.05,-49.44,-24.84,103.33
5780,0.47,0.74,0.11,-44.56,-19.04,101.01
5800,0.52,0.69,0.11,-39.43,-11.29,95.40
5820,0.62,0.57,0.08,-33.26,-5.55,77.88
5840,0.62,0.49,0.01,-27.59,-0.85,63.11
5860,0.68,0.48,0.15,-19.96,-11.11,43.70
5880,0.67,0.46,0.17,-5.55,-9.89,23.07
5900,0.68,0.51,0.15,4.15,-6.71,5.49
5920,0.74,0.46,0.15,14.34,-1.46,-8.18
5940,0.78,0.21,0.19,27.34,10.68,-47.67
5960,0.76,0.11,0.06,33.69,20.69,-80.20
5980,0.45,0.27,-0.32,28.44,27.77,-104.06
6000,0.30,1.31,-0.04,31.98,7.32,-122.01
6020,0.25,1.50,0.16,34.61,-7.26,-104.19
6040,0.31,1.16,0.23,48.65,-2.62,-81.24
6060,0.46,0.49,-0.11,36.01,35.77,-81.60
6080,0.26,0.84,-0.31,21.42,44.92,-103.76
6100,0.15,1.32,-0.36,7.20,42.48,-102.11
6120,0.35,1.26,-0.06,5.74,36.62,-91.98
6140,-0.08,1.55,-0.57,20.63,70.62,-93.44
6160,-0.26,1.64,0.41,21.18,-3.78,-52.06
6180,0.25,0.99,-0.12,10.13,-0.92,4.88
6200,0.25,0.96,-0.14,1.40,4.27,4.33
6220,0.23,0.97,-0.12,4.39,9.89,0.85
6240,0.22,0.99,-0.12,9.34,7.08,-3.36
6260,0.18,0.99,-0.15,10.74,5.74,-4.64
6280,0.19,0.99,-0.15,8.48,2.81,-2.87
6300,0.20,0.99,-0.14,7.20,3.17,-1.46
6320,0.21,0.97,-0.17,9.52,5.37,0.67
6340,0.21,0.97,-0.17,6.41,3.85,-0.98
6360,0.20,0.98,-0.17,3.05,2.01,-2.87
6380,0.20,0.99,-0.16,1.22,0.31,-3.72
6400,0.20,0.98,-0.16,0.49,-0.43,-3.97
6420,0.20,0.98,-0.16,-0.12,-0.61,-4.21
6440,0.19,0.99,-0.16,0.43,-1.22,-4.33
6460,0.19,0.99,-0.16,0.67,-1.71,-3.23
6480,0.19,0.99,-0.16,0.79,-1.59,-2.38
6500,0.19,0.99,-0.16,0.98,-0.18,-0.24
6520,0.19,0.99,-0.16,1.10,1.04,0.67
6540,0.20,0.98,-0.17,1.16,2.08,1.46
6560,0.20,0.98,-0.17,0.43,4.03,1.59
6580,0.20,0.98,-0.17,-0.67,5.00,1.53
6600,0.15,0.99,-0.15,-1.46,5.00,2.20
6620,0.16,0.98,-0.19,-4.58,1.71,7.63
6640,0.13,1.03,-0.15,-13.79,-7.02,12.94
6660,0.13,1.07,-0.13,-22.83,-11.60,20.32
6680,0.16,1.13,-0.17,-28.56,-16.05,28.50
6700,0.13,1.27,-0.19,-20.26,-25.82,41.56
6720,0.19,1.34,-0.19,-8.85,-27.95,55.30
6740,0.35,1.25,-0.23,-6.96,-23.44,71.96
6760,0.19,1.25,-0.33,-21.73,-21.42,88.87
6780,0.22,1.11,-0.20,-32.35,-25.15,98.39
6800,0.26,0.98,-0.06,-36.74,-28.87,102.91
6820,0.41,0.80,0.03,-39.00,-25.63,102.29
6840,0.48,0.76,0.07,-35.03,-18.19,96.86
6860,0.55,0.64,0.04,-33.14,-10.56,92.41
6880,0.60,0.55,0.03,-31.37,-6.71,72.51
6900,0.64,0.51,0.00,-27.59,-9.70,56.15
6920,0.66,0.54,0.06,-22.03,-8.24,38.94
6940,0.69,0.50,0.15,-8.67,-10.99,18.01
6960,0.69,0.48,0.16,0.43,-4.76,0.73
6980,0.76,0.45,0.21,7.39,0.79,-15.38
7000,0.72,0.43,0.26,19.53,8.18,-50.48
7020,0.72,0.20,0.15,36.44,20.02,-76.90
7040,0.49,0.17,-0.22,35.34,33.63,-104.19
7060,0.30,1.00,-0.36,26.18,30.21,-114.56
7080,0.16,1.46,-0.07,32.10,9.03,-100.71
7100,0.30,1.27,0.04,29.05,-3.11,-82.82
7120,0.46,0.69,0.15,22.95,7.63,-73.12
7140,0.27,0.63,-0.20,16.11,44.43,-102.17
7160,0.13,1.23,-0.32,12.70,52.49,-108.70
7180,0.27,1.54,-0.39,4.52,42.54,-98.33
7200,-0.12,1.65,-0.09,8.67,25.02,-66.47
7220,0.01,1.22,-0.01,12.88,6.53,-29.91
7240,0.17,1.00,-0.16,2.81,9.64,-8.97
7260,0.22,1.00,-0.09,-3.05,3.60,-6.41
7280,0.21,1.00,-0.10,2.56,8.24,-6.35
7300,0.18,1.01,-0.09,8.48,5.74,-7.14
7320,0.17,1.00,-0.13,9.89,2.38,-4.03
7340,0.19,0.99,-0.14,8.00,-0.06,-2.93
7360,0.20,0.98,-0.16,7.26,0.92,-1.89
7380,0.20,0.98,-0.15,4.52,-0.06,-2.56
7400,0.20,0.99,-0.15,2.50,-1.16,-3.54
7420,0.20,0.99,-0.15,2.08,-1.34,-3.85
7440,0.20,0.98,-0.16,2.01,-0.43,-4.94
7460,0.19,0.99,-0.15,1.53,0.49,-5.31
7480,0.19,0.99,-0.15,1.10,1.16,-5.13
7500,0.19,0.99,-0.15,0.67,1.28,-4.39
7520,0.18,1.00,-0.15,-0.31,1.59,-3.30
7540,0.18,0.99,-0.15,-0.49,1.34,-1.83
7560,0.18,0.99,-0.15,-1.10,1.59,-1.16
7580,0.19,0.99,-0.15,-0.67,2.08,-0.24
7600,0.19,0.99,-0.15,-0.49,3.23,0.06
7620,0.19,0.98,-0.16,-0.79,3.97,-0.12
7640,0.18,0.99,-0.15,-2.20,4.21,0.85
7660,0.15,1.00,-0.14,-2.81,3.72,2.14
7680,0.16,1.00,-0.15,-3.17,1.95,4.82
7700,0.11,1.03,-0.13,-5.80,-2.75,12.15
7720,0.18,1.02,-0.15,-7.93,-4.52,16.66
7740,0.17,1.04,-0.15,-12.39,-5.92,21.67
7760,0.16,1.09,-0.12,-11.47,-9.77,32.90
7780,0.16,1.22,-0.12,-6.77,-15.69,43.76
7800,0.20,1.28,-0.22,-3.23,-18.62,56.21
7820,0.32,1.21,-0.18,-7.26,-12.21,70.25
7840,0.24,1.13,-0.34,-19.41,-16.48,79.90
7860,0.28,0.98,-0.25,-31.68,-19.59,82.46
7880,0.33,0.86,-0.15,-37.84,-23.13,64.09
7900,0.41,0.75,-0.00,-40.83,-22.28,69.27
7920,0.42,0.85,0.02,-38.70,-20.51,63.05
7940,0.45,0.90,0.05,-33.87,-17.76,61.77
7960,0.51,0.81,0.04,-26.79,-13.06,60.12
7980,0.54,0.71,-0.02,-28.38,-7.14,52.98
8000,0.58,0.64,0.06,-26.12,-7.81,42.54
8020,0.60,0.60,0.08,-19.59,-5.80,26.55
8040,0.60,0.61,0.07,-14.65,-4.39,14.83
8060,0.62,0.64,0.08,-10.19,-3.54,5.00
8080,0.69,0.44,0.20,-0.31,1.28,-15.08
8100,0.66,0.50,0.22,8.85,9.70,-37.78
8120,0.67,0.41,0.08,20.08,15.56,-58.23
8140,0.48,0.67,-0.18,27.22,16.11,-83.44
8160,0.43,0.91,-0.04,23.80,4.64,-88.38
8180,0.37,1.01,0.01,18.68,-0.92,-87.40
8200,0.29,1.10,0.06,28.08,1.28,-83.92
8220,0.41,0.48,0.20,32.04,22.46,-92.90
8240,0.26,0.69,-0.03,34.12,42.11,-114.44
8260,0.05,1.64,-0.22,33.81,43.46,-107.73
8280,-0.22,1.56,-0.34,44.80,53.47,-64.70
8300,0.09,1.26,0.03,18.74,1.95,-15.32
8320,0.33,0.88,-0.19,12.88,11.47,-0.85
8340,0.17,1.01,-0.14,-0.67,18.43,-16.60
8360,0.15,1.05,-0.05,-0.43,10.74,-14.77
8380,0.20,1.00,-0.11,4.46,6.90,-10.44
8400,0.17,1.00,-0.13,8.48,2.93,-10.86
8420,0.17,1.00,-0.13,7.75,-0.18,-8.85
8440,0.18,0.99,-0.15,5.92,-0.85,-5.68
8460,0.19,0.99,-0.15,3.23,-0.43,-2.62
8480,0.20,0.98,-0.15,1.71,-0.37,-2.32
8500,0.19,0.99,-0.14,1.28,-1.16,-2.75
8520,0.19,0.99,-0.15,1.59,-0.06,-2.32
8540,0.19,0.99,-0.15,1.40,0.73,-2.56
8560,0.19,0.99,-0.15,0.61,0.79,-2.99
8580,0.19,0.99,-0.13,0.06,0.43,-3.54
8600,0.18,0.99,-0.15,-0.37,0.37,-3.36
8620,0.18,0.99,-0.15,-0.31,0.24,-2.75
8640,0.18,0.99,-0.14,0.31,0.06,-1.40
8660,0.18,1.00,-0.14,0.43,0.49,-0.67
8680,0.19,0.99,-0.15,0.85,0.43,0.18
8700,0.19,0.99,-0.15,0.79,1.04,0.31
8720,0.19,0.99,-0.16,0.55,1.59,0.37
8740,0.18,0.99,-0.16,-0.31,1.83,0.37
8760,0.19,0.98,-0.16,-1.28,1.65,0.31
8780,0.18,0.99,-0.15,-2.99,1.95,-0.12
8800,0.18,0.99,-0.16,-3.91,2.20,-0.06
8820,0.17,0.99,-0.15,-4.64,1.89,0.37
8840,0.17,0.99,-0.15,-6.35,0.55,2.56
8860,0.15,1.00,-0.15,-8.06,-1.95,5.31
8880,0.14,1.04,-0.11,-10.99,-6.23,10.07
8900,0.14,1.07,-0.09,-17.33,-8.97,21.06
8920,0.13,1.12,-0.12,-19.65,-10.25,30.76
8940,0.16,1.21,-0.13,-17.88,-17.27,42.24
8960,0.20,1.34,-0.24,-7.75,-21.85,59.57
8980,0.30,1.28,-0.21,-7.63,-18.80,71.96
9000,0.23,1.21,-0.30,-15.50,-13.98,82.21
9020,0.23,1.11,-0.24,-29.11,-20.32,90.27
9040,0.29,0.95,-0.11,-34.61,-24.17,91.67
9060,0.34,0.87,-0.01,-38.33,-24.29,89.97
9080,0.44,0.81,0.06,-37.05,-18.13,86.61
9100,0.54,0.69,0.08,-31.43,-12.02,84.78
9120,0.55,0.62,0.06,-28.75,-7.87,70.62
9140,0.65,0.59,0.06,-26.18,-6.90,58.84
9160,0.66,0.55,0.12,-19.78,-13.73,37.23
9180,0.67,0.46,0.13,-13.18,-7.08,24.84
9200,0.67,0.44,0.09,-4.52,-4.03,4.82
9220,0.69,0.52,0.13,7.87,2.75,-22.58
9240,0.71,0.42,0.26,21.91,3.72,-43.88
9260,0.67,0.40,0.22,34.67,13.55,-69.82
9280,0.43,0.52,-0.16,43.88,25.09,-97.90
9300,0.41,0.66,-0.30,29.30,19.10,-100.22
9320,0.33,0.89,-0.38,16.30,17.76,-106.63
9340,0.10,1.58,0.09,23.07,3.23,-101.44
9360,0.41,0.63,0.40,29.17,1.83,-73.49
9380,0.24,0.73,-0.02,38.33,33.87,-89.78
9400,0.29,1.28,-0.66,20.69,46.33,-85.63
9420,0.07,1.36,-0.32,-2.81,44.56,-67.20
9440,0.09,1.36,0.19,-6.35,11.84,-35.22
9460,0.29,0.96,-0.14,7.75,19.04,-18.37
9480,0.13,1.05,-0.10,5.55,13.79,-25.94
9500,0.14,1.05,-0.07,6.59,8.12,-20.02
9520,0.16,1.02,-0.11,5.98,5.92,-11.72
9540,0.17,1.01,-0.12,7.69,1.71,-9.03
9560,0.17,1.00,-0.14,8.12,1.59,-6.41
9580,0.17,0.99,-0.14,6.77,0.00,-4.52
9600,0.19,0.98,-0.16,4.15,-0.06,-2.38
9620,0.18,0.99,-0.15,2.01,-0.31,-2.81
9640,0.18,0.99,-0.14,2.26,-0.37,-2.50
9660,0.19,0.99,-0.15,2.56,0.49,-1.59
9680,0.19,0.99,-0.16,2.20,0.92,-1.59
9700,0.18,0.99,-0.15,1.40,1.28,-2.01
9720,0.18,0.99,-0.15,-0.18,1.22,-1.71
9740,0.18,0.99,-0.15,-0.92,1.16,-1.40
9760,0.18,0.99,-0.15,-1.46,1.34,-0.85
9780,0.18,0.99,-0.15,-1.59,1.71,0.24
9800,0.18,0.99,-0.15,-2.01,2.26,0.06
9820,0.18,0.99,-0.15,-3.05,2.75,0.06
9840,0.17,0.99,-0.14,-3.85,2.87,1.28
9860,0.17,0.99,-0.15,-5.25,1.89,3.30
9880,0.17,0.99,-0.15,-7.26,-0.06,5.43
9900,0.14,1.00,-0.15,-11.05,-5.55,9.46
9920,0.18,1.02,-0.10,-16.42,-9.64,14.65
9940,0.16,1.04,-0.11,-18.74,-8.42,17.88
9960,0.14,1.10,-0.10,-21.06,-9.58,28.02
9980,0.10,1.27,-0.18,-14.53,-12.88,37.05
10000,0.21,1.27,-0.24,-11.78,-22.34,51.70
10020,0.25,1.26,-0.22,-9.58,-18.25,60.55
10040,0.18,1.30,-0.28,-18.86,-15.44,79.65
10060,0.25,1.09,-0.21,-28.44,-21.24,90.33
10080,0.26,1.01,-0.10,-32.35,-19.84,91.49
10100,0.35,0.89,0.02,-34.48,-21.06,93.20
10120,0.44,0.79,0.05,-34.18,-17.70,91.74
10140,0.51,0.65,0.07,-32.17,-10.99,85.88
10160,0.59,0.58,0.04,-29.42,-4.82,64.27
10180,0.63,0.58,0.07,-27.34,-3.05,50.05
10200,0.62,0.55,0.10,-20.08,-6.77,35.95
10220,0.62,0.62,0.13,-6.65,-4.82,15.56
10240,0.62,0.64,0.11,1.65,-5.07,4.09
10260,0.63,0.66,0.06,7.75,-0.98,-6.04
10280,0.67,0.53,0.11,15.81,5.49,-28.08
10300,0.73,0.31,0.25,27.95,7.63,-49.74
10320,0.64,0.25,0.07,37.41,20.57,-79.59
10340,0.32,0.74,-0.21,50.29,13.92,-97.60
10360,0.25,1.19,-0.21,48.34,6.96,-84.84
10380,0.37,1.00,-0.20,34.73,3.30,-70.01
10400,0.43,0.85,-0.14,17.58,8.73,-71.59
10420,0.43,0.40,0.23,11.90,27.65,-98.39
10440,0.16,1.02,-0.18,20.08,57.80,-120.85
10460,0.03,2.03,-0.98,14.53,64.45,-117.13
10480,-0.05,1.52,0.23,0.67,-7.32,-26.67
10500,0.35,0.84,-0.20,8.67,13.73,1.89
10520,0.36,0.86,-0.21,5.92,19.96,-14.16
10540,0.14,1.07,-0.06,5.62,21.67,-24.29
10560,0.16,1.03,-0.10,8.79,13.73,-17.58
10580,0.16,1.02,-0.12,9.58,7.08,-14.28
10600,0.18,0.99,-0.14,8.06,2.32,-7.26
10620,0.18,1.00,-0.14,6.96,0.55,-5.43
10640,0.19,0.99,-0.16,6.04,-0.31,-4.09
10660,0.19,0.98,-0.16,2.93,-1.34,-4.21
10680,0.19,0.98,-0.16,1.77,-1.28,-4.58
10700,0.19,0.99,-0.15,1.65,-1.53,-4.64
10720,0.19,0.99,-0.16,1.28,0.73,-3.85
10740,0.18,0.99,-0.16,-0.43,1.28,-3.05
10760,0.19,0.99,-0.16,-0.73,1.71,-2.01
10780,0.18,0.99,-0.16,-1.10,1.83,-1.28
10800,0.18,0.99,-0.15,-1.10,1.77,-0.49
10820,0.18,0.99,-0.16,-1.22,1.83,-0.24
10840,0.18,0.99,-0.15,-1.46,2.38,-0.12
10860,0.18,0.98,-0.16,-2.14,3.23,0.24
10880,0.18,0.99,-0.16,-3.91,2.32,0.49
10900,0.17,0.99,-0.15,-5.13,2.14,1.40
10920,0.17,0.99,-0.16,-8.85,-0.73,5.55
10940,0.12,1.02,-0.13,-12.45,-4.09,9.34
10960,0.12,1.06,-0.12,-20.26,-10.07,16.97
10980,0.18,1.09,-0.10,-28.08,-13.00,29.72
11000,0.19,1.11,-0.16,-22.16,-13.55,35.64
11020,0.19,1.16,-0.19,-15.75,-15.69,42.91
11040,0.24,1.28,-0.16,-11.78,-19.35,57.13
11060,0.17,1.38,-0.27,-17.15,-14.40,71.35
11080,0.20,1.25,-0.24,-22.34,-19.47,87.77
11100,0.23,1.11,-0.18,-30.15,-23.13,98.02
11120,0.25,1.03,-0.06,-33.14,-25.51,103.58
11140,0.39,0.81,0.04,-36.19,-24.96,108.15
11160,0.47,0.69,0.05,-35.89,-11.41,98.57
11180,0.58,0.62,0.04,-32.17,-7.32,84.84
11200,0.64,0.50,-0.01,-30.94,-7.08,70.19
11220,0.61,0.48,-0.10,-29.91,-4.64,37.72
11240,0.65,0.59,0.07,-21.91,-11.35,30.70
11260,0.66,0.53,0.13,-14.71,-15.81,18.07
11280,0.69,0.50,0.22,-3.97,-14.47,1.28
11300,0.73,0.41,0.35,11.90,-2.44,-25.70
11320,0.75,0.36,0.36,24.48,5.86,-51.03
11340,0.60,0.25,0.23,39.79,18.25,-79.22
11360,0.41,0.70,-0.44,41.02,23.25,-101.93
11380,0.41,1.04,-0.28,31.31,10.68,-98.57
11400,0.34,1.11,0.08,30.76,1.46,-94.12
11420,0.37,0.87,0.26,36.74,12.76,-92.96
11440,0.36,0.67,-0.14,36.32,26.86,-93.26
11460,0.14,1.10,-0.36,24.90,34.12,-100.59
11480,0.17,1.36,-0.26,7.51,24.05,-78.43
11500,0.23,1.28,-0.04,3.54,25.33,-67.57
11520,0.29,1.15,-0.37,13.43,45.47,-64.09
11540,-0.08,1.44,-0.31,28.26,35.52,-57.01
11560,0.02,1.15,-0.01,14.65,2.87,-11.78
11580,0.24,0.94,-0.17,4.27,5.13,5.98
11600,0.23,0.98,-0.12,2.75,3.23,-2.26
11620,0.21,0.98,-0.15,3.60,2.75,-1.89
11640,0.22,0.98,-0.14,3.36,0.18,-4.52
11660,0.21,0.98,-0.15,3.30,1.71,-5.74
11680,0.18,0.99,-0.14,4.03,2.14,-9.03
11700,0.18,1.00,-0.14,4.03,1.16,-8.73
11720,0.18,0.99,-0.15,2.87,0.49,-7.32
11740,0.18,0.99,-0.16,0.43,0.06,-6.10
11760,0.18,0.99,-0.15,-0.73,0.37,-5.62
11780,0.18,0.99,-0.15,-1.59,0.24,-4.46
11800,0.18,1.00,-0.14,-2.38,0.79,-2.62
11820,0.18,0.99,-0.14,-2.14,0.85,-1.53
11840,0.18,0.99,-0.14,-2.20,1.28,-0.61
11860,0.18,0.99,-0.15,-2.14,1.46,0.12
11880,0.17,0.99,-0.14,-2.32,1.71,0.43
11900,0.15,1.00,-0.14,-2.44,1.46,2.01
11920,0.16,0.99,-0.15,-4.82,-0.85,6.10
11940,0.17,1.00,-0.14,-8.79,-2.69,8.97
11960,0.13,1.03,-0.13,-12.45,-4.58,11.96
11980,0.13,1.08,-0.09,-20.63,-9.52,25.76
12000,0.12,1.13,-0.12,-20.26,-9.22,32.59
12020,0.14,1.23,-0.17,-17.58,-16.48,43.15
12040,0.23,1.25,-0.21,-11.78,-20.87,56.95
12060,0.26,1.29,-0.24,-12.27,-16.48,65.43
12080,0.17,1.32,-0.24,-20.51,-15.01,77.70
12100,0.19,1.20,-0.18,-27.77,-20.26,90.94
12120,0.25,1.03,-0.07,-35.40,-24.29,102.72
12140,0.32,0.90,-0.02,-40.77,-20.02,105.83
12160,0.43,0.77,0.02,-41.32,-16.24,104.98
12180,0.54,0.56,0.06,-38.70,-4.94,92.77
12200,0.61,0.51,0.04,-35.89,-3.78,76.60
12220,0.65,0.52,0.05,-31.98,-1.83,60.18
12240,0.67,0.49,0.11,-17.82,-6.96,30.21
12260,0.67,0.49,0.14,-9.03,-4.94,15.08
12280,0.65,0.63,0.13,-2.20,-2.87,-2.69
12300,0.63,0.72,0.11,2.93,2.56,-18.37
12320,0.61,0.72,0.14,8.00,3.23,-27.04
12340,0.59,0.77,0.18,15.44,4.70,-34.55
12360,0.60,0.73,0.14,24.35,7.20,-43.58
12380,0.61,0.57,0.00,28.50,12.82,-54.26
12400,0.61,0.37,-0.12,28.69,17.03,-69.27
12420,0.49,0.61,-0.24,19.84,16.60,-95.89
12440,0.25,1.18,0.02,16.48,8.97,-103.64
12460,0.24,1.19,0.17,26.25,0.61,-94.36
12480,0.30,1.06,0.13,32.41,5.31,-64.45
12500,0.34,0.74,-0.04,35.64,23.93,-79.41
12520,0.30,0.87,-0.12,30.64,31.98,-88.93
12540,0.43,1.09,-0.44,21.30,41.81,-94.48
12560,-0.39,1.88,-0.29,4.46,48.03,-90.33
12580,-0.11,1.55,0.41,14.28,-22.71,-34.24
12600,0.19,0.97,-0.18,3.66,3.11,7.45
12620,0.27,0.94,-0.13,-1.10,1.83,0.37
12640,0.21,1.00,-0.10,1.04,11.41,-3.11
12660,0.22,0.99,-0.12,5.98,9.40,-4.27
12680,0.18,1.00,-0.13,8.61,6.53,-5.68
12700,0.18,1.00,-0.13,8.06,3.42,-4.88
12720,0.18,0.99,-0.14,7.32,2.50,-3.78
12740,0.19,0.99,-0.15,5.37,2.26,-1.89
12760,0.19,0.98,-0.16,3.78,1.77,-2.01
12780,0.19,0.99,-0.15,1.59,1.28,-2.20
12800,0.19,0.99,-0.15,-0.43,0.67,-2.20
12820,0.19,0.99,-0.15,-1.16,0.73,-2.32
12840,0.19,0.99,-0.14,-0.98,0.79,-2.32
12860,0.19,0.99,-0.15,-0.61,0.79,-1.89
12880,0.18,0.99,-0.14,-1.53,0.79,-1.71
12900,0.18,0.99,-0.14,-1.77,0.67,-0.98
12920,0.19,0.99,-0.14,-1.40,0.85,-0.61
12940,0.19,0.99,-0.14,-1.28,1.53,0.24
12960,0.19,0.99,-0.14,-0.92,2.26,0.24
12980,0.19,0.99,-0.14,-0.79,2.69,0.61
13000,0.17,0.98,-0.15,-2.26,2.32,1.71
13020,0.17,0.99,-0.16,-5.62,0.79,2.69
13040,0.19,0.99,-0.16,-10.13,-1.10,5.31
13060,0.08,1.08,-0.07,-17.09,-3.17,13.06
13080,0.09,1.09,-0.07,-22.28,-7.69,27.22
13100,0.12,1.13,-0.18,-28.75,-11.84,37.05
13120,0.19,1.20,-0.20,-22.28,-19.47,45.23
13140,0.22,1.38,-0.20,-19.71,-18.13,51.94
13160,0.15,1.44,-0.35,-24.11,-10.80,66.89
13180,0.19,1.27,-0.23,-35.77,-18.92,88.68
13200,0.24,1.01,-0.15,-42.30,-19.35,94.18
13220,0.33,0.83,-0.01,-47.00,-18.80,94.73
13240,0.44,0.68,0.08,-44.31,-14.77,84.84
13260,0.46,0.75,0.09,-38.09,-7.02,74.89
13280,0.50,0.78,0.14,-29.85,-8.85,69.03
13300,0.55,0.71,0.12,-25.88,-5.98,58.04
13320,0.57,0.74,0.12,-17.33,-2.99,48.52
13340,0.61,0.68,0.11,-11.05,-10.31,40.41
13360,0.59,0.64,0.06,-9.03,-3.85,32.96
13380,0.62,0.65,0.04,-7.75,-4.27,15.32
13400,0.65,0.60,0.06,-5.62,-3.11,5.25
13420,0.67,0.49,0.15,-1.59,-1.46,-8.12
13440,0.68,0.50,0.18,8.61,3.42,-36.38
13460,0.67,0.50,0.24,20.57,6.41,-57.01
13480,0.55,0.58,0.21,34.85,11.11,-76.78
13500,0.41,0.78,-0.03,45.41,7.75,-87.16
13520,0.42,0.79,-0.24,36.13,6.65,-87.16
13540,0.40,0.86,-0.27,22.16,6.04,-90.15
13560,0.26,1.03,0.15,16.97,1.77,-97.84
13580,0.32,0.81,0.12,20.02,9.52,-91.67
13600,0.04,1.31,0.02,23.50,17.15,-94.91
13620,0.18,1.39,-0.01,29.17,15.14,-61.83
13640,0.49,0.99,-0.30,31.13,34.55,-59.20
13660,0.19,1.29,-0.64,24.29,64.27,-74.77
13680,-0.24,1.54,0.25,26.86,0.43,-28.32
13700,0.19,0.97,-0.15,2.38,10.93,1.65
13720,0.22,0.99,-0.07,0.79,3.42,0.12
13740,0.21,1.00,-0.08,5.13,7.02,-2.38
13760,0.20,1.00,-0.09,10.01,5.00,-2.56
13780,0.19,0.99,-0.12,12.82,5.25,-1.22
13800,0.20,0.98,-0.14,11.23,3.23,-0.79
13820,0.20,0.98,-0.14,7.51,1.46,-1.53
13840,0.20,0.99,-0.14,5.07,0.79,-1.89
13860,0.20,0.99,-0.14,3.54,0.12,-2.50
13880,0.20,0.99,-0.14,1.65,0.18,-4.21
13900,0.20,0.99,-0.14,1.10,0.24,-4.52
13920,0.19,0.99,-0.13,1.04,0.31,-4.46
13940,0.19,0.99,-0.13,0.55,0.37,-3.85
13960,0.19,0.99,-0.13,0.37,0.61,-3.48
13980,0.19,1.00,-0.13,1.10,0.92,-2.75
14000,0.18,1.00,-0.13,1.22,0.61,-0.67
14020,0.19,0.99,-0.13,1.28,1.28,-0.12
14040,0.19,0.99,-0.13,1.46,1.65,0.49
14060,0.19,0.99,-0.14,1.34,1.77,0.67
14080,0.19,0.99,-0.14,1.34,2.14,0.92
14100,0.19,0.99,-0.14,0.67,2.20,0.98
14120,0.20,0.99,-0.15,0.06,2.50,0.98
14140,0.18,0.99,-0.14,-1.89,3.23,0.98
14160,0.16,0.99,-0.14,-3.54,2.20,2.75
14180,0.16,0.99,-0.15,-7.02,-0.43,6.53
14200,0.14,1.02,-0.14,-14.28,-5.74,11.29
14220,0.13,1.07,-0.08,-19.71,-9.64,16.17
14240,0.22,1.02,-0.15,-22.89,-12.82,22.89
14260,0.19,1.15,-0.09,-21.30,-22.03,31.56
14280,0.23,1.18,-0.16,-13.85,-24.23,40.95
14300,0.20,1.36,-0.21,-10.68,-24.11,50.29
14320,0.18,1.37,-0.27,-21.55,-17.64,70.43
14340,0.20,1.28,-0.19,-27.77,-23.13,85.02
14360,0.21,1.13,-0.14,-35.58,-22.46,94.97
14380,0.32,0.85,-0.02,-43.52,-21.24,102.29
14400,0.45,0.71,-0.04,-48.22,-14.65,102.48
14420,0.51,0.65,-0.00,-48.16,-8.30,92.29
14440,0.60,0.55,0.15,-39.73,-6.59,71.35
14460,0.65,0.44,0.10,-28.99,-5.37,51.70
14480,0.66,0.34,0.10,-17.94,-5.13,31.86
14500,0.64,0.50,0.20,3.66,-4.39,0.18
14520,0.63,0.64,0.33,14.65,-3.60,-14.10
14540,0.57,0.74,0.21,22.16,2.81,-28.20
14560,0.57,0.71,0.15,29.72,5.68,-36.25
14580,0.52,0.81,-0.11,30.76,13.73,-44.92
14600,0.62,0.56,-0.07,28.99,9.46,-50.90
14620,0.50,0.58,-0.10,21.18,14.22,-69.82
14640,0.26,1.22,-0.08,15.44,9.64,-79.83
14660,0.28,1.29,0.07,20.02,-2.56,-64.45
14680,0.40,0.97,0.05,18.37,0.67,-47.67
14700,0.49,0.47,-0.04,15.44,18.92,-59.20
14720,0.38,0.59,-0.15,10.74,28.99,-79.47
14740,0.23,1.00,-0.10,10.68,27.16,-94.60
14760,0.40,1.04,0.13,26.49,13.00,-90.82
14780,0.69,1.07,-0.83,35.71,61.40,-102.97
14800,-0.80,2.05,0.06,64.76,63.66,-99.73
14820,0.17,0.84,-0.43,5.62,2.14,21.73
14840,0.27,0.92,-0.12,-7.20,-3.17,10.19
14860,0.21,1.00,-0.11,3.54,4.27,-2.56
14880,0.23,0.98,-0.13,5.31,7.51,-1.53
14900,0.21,1.00,-0.11,6.53,3.60,-6.04
14920,0.19,0.99,-0.14,8.18,5.25,-6.90
14940,0.19,0.98,-0.16,7.81,0.98,-8.30
14960,0.18,1.00,-0.14,4.94,2.20,-7.26
14980,0.18,0.99,-0.15,3.30,1.10,-6.53
15000,0.18,0.99,-0.15,2.32,0.18,-7.08
15020,0.17,0.99,-0.15,1.22,-0.85,-6.16
15040,0.18,0.99,-0.14,0.92,-0.61,-4.88
15060,0.18,0.99,-0.14,0.61,0.61,-4.09
15080,0.17,0.99,-0.15,0.67,2.08,-2.32
15100,0.17,0.99,-0.15,-0.31,2.26,-0.61
15120,0.17,0.99,-0.14,-0.61,2.56,0.00
15140,0.18,0.99,-0.14,-0.49,2.93,0.61
15160,0.18,0.99,-0.15,-0.12,2.75,0.73
15180,0.18,0.99,-0.15,-1.16,3.30,0.79
15200,0.17,0.99,-0.16,-1.77,3.36,1.65
15220,0.17,0.98,-0.16,-3.48,3.17,2.32
15240,0.17,0.99,-0.15,-5.55,2.69,3.66
15260,0.14,1.00,-0.13,-9.77,-1.46,8.12
15280,0.14,1.04,-0.10,-16.85,-5.74,15.81
15300,0.12,1.06,-0.09,-17.27,-4.82,21.55
15320,0.14,1.11,-0.15,-19.90,-8.42,34.12
15340,0.17,1.16,-0.17,-16.85,-13.73,40.83
15360,0.23,1.16,-0.22,-12.76,-16.36,46.45
15380,0.25,1.14,-0.19,-12.88,-13.49,52.43
15400,0.24,1.19,-0.29,-23.50,-10.38,60.12
15420,0.23,1.14,-0.17,-32.71,-13.31,66.16
15440,0.27,1.04,-0.09,-36.50,-15.14,69.76
15460,0.26,1.01,-0.00,-34.00,-15.44,73.30
15480,0.35,0.91,0.03,-32.90,-14.40,78.67
15500,0.42,0.82,-0.04,-33.45,-6.47,79.22
15520,0.48,0.75,-0.01,-33.57,-2.75,69.70
15540,0.54,0.68,0.01,-31.86,-3.36,61.95
15560,0.57,0.62,0.08,-28.75,-4.64,52.19
15580,0.58,0.69,0.12,-17.15,-7.20,34.00
15600,0.59,0.73,0.13,-10.50,-10.74,23.68
15620,0.58,0.72,0.15,-4.76,-5.00,17.27
15640,0.61,0.70,0.11,2.14,-1.28,3.66
15660,0.62,0.60,0.10,6.47,1.59,-4.88
15680,0.62,0.64,0.01,7.51,5.19,-18.86
15700,0.65,0.58,0.06,11.60,2.93,-40.83
15720,0.73,0.25,0.12,14.34,8.67,-64.15
15740,0.58,0.19,-0.05,14.89,14.04,-92.22
15760,0.40,0.40,-0.17,11.47,4.27,-135.07
15780,0.17,1.27,-0.02,-0.24,2.81,-141.42
15800,-0.03,1.68,0.22,5.43,-7.45,-120.67
15820,0.29,1.03,0.36,35.16,-5.43,-96.37
15840,0.44,0.92,0.13,68.66,44.19,-115.78
15860,-1.41,2.42,-2.78,107.91,139.16,-132.63
15880,-0.48,1.66,0.53,48.10,-56.70,-26.37
15900,0.28,0.88,-0.34,8.12,20.81,13.12
15920,0.13,0.99,-0.11,0.43,17.76,7.57
15940,0.25,0.96,-0.15,2.38,0.61,-0.18
15960,0.16,1.04,-0.05,11.29,10.25,-4.39
15980,0.18,1.01,-0.10,16.78,3.91,-2.38
16000,0.18,1.00,-0.11,17.94,5.92,-0.06
16020,0.20,0.97,-0.18,14.89,3.60,-0.24
16040,0.20,0.97,-0.17,8.85,1.77,-1.77
16060,0.20,0.97,-0.18,4.27,0.37,-4.03
16080,0.19,0.98,-0.17,-1.04,-2.14,-7.45
16100,0.19,0.98,-0.16,-3.48,-2.56,-8.42
16120,0.17,1.00,-0.13,-4.46,-2.75,-9.22
16140,0.18,0.99,-0.14,-3.60,-3.17,-9.64
16160,0.16,1.00,-0.13,-3.36,-2.75,-9.52
16180,0.16,1.00,-0.14,-2.93,-2.69,-7.81
16200,0.16,1.00,-0.14,-2.69,-2.01,-4.21
16220,0.17,1.00,-0.14,-1.22,-1.71,-1.83
16240,0.17,1.00,-0.13,-0.12,-0.43,0.06
16260,0.16,1.00,-0.13,0.67,0.98,1.46
16280,0.17,0.99,-0.15,1.59,2.38,2.38
16300,0.17,0.99,-0.14,1.22,3.54,2.75
16320,0.18,0.99,-0.15,0.67,4.46,2.93
16340,0.17,0.99,-0.15,0.85,6.16,3.97
16360,0.15,0.99,-0.15,-0.73,6.35,6.10
16380,0.18,0.98,-0.17,-4.33,3.72,8.00
16400,0.14,1.01,-0.14,-8.79,-0.55,9.83
16420,0.17,1.02,-0.13,-14.65,-2.93,15.44
16440,0.14,1.04,-0.11,-18.25,-4.58,18.43
16460,0.16,1.08,-0.13,-20.81,-9.03,28.56
16480,0.15,1.15,-0.14,-20.26,-15.20,36.13
16500,0.18,1.24,-0.18,-14.22,-21.85,46.75
16520,0.19,1.38,-0.17,-8.79,-18.74,65.25
16540,0.20,1.26,-0.30,-16.36,-11.41,77.33
16560,0.25,1.12,-0.28,-25.57,-15.69,85.21
16580,0.25,1.00,-0.18,-35.83,-19.29,87.77
16600,0.34,0.89,0.02,-39.18,-19.35,86.06
16620,0.43,0.79,0.07,-36.44,-17.70,82.03
16640,0.49,0.69,0.07,-32.65,-9.22,70.13
16660,0.55,0.61,0.03,-27.83,-0.43,57.74
16680,0.54,0.69,0.00,-24.11,-0.98,43.33
16700,0.55,0.75,0.04,-21.48,-4.15,34.55
16720,0.57,0.75,0.05,-15.81,-13.67,24.48
16740,0.58,0.71,0.06,-14.16,-8.91,20.87
16760,0.59,0.68,0.09,-11.41,-8.00,12.21
16780,0.65,0.57,0.14,-6.77,-1.89,-1.53
16800,0.66,0.58,0.17,-0.49,3.05,-17.52
16820,0.70,0.49,0.28,13.73,5.49,-36.44
16840,0.59,0.36,0.26,36.01,17.09,-74.04
16860,0.45,0.63,-0.01,42.91,19.17,-93.57
16880,0.38,0.74,-0.24,43.15,10.44,-97.96
16900,0.21,1.17,-0.05,40.59,5.37,-97.41
16920,0.35,1.02,0.06,41.81,1.16,-83.62
16940,0.43,0.72,0.08,47.30,18.19,-90.09
16960,0.36,0.60,0.04,46.08,49.68,-115.23
16980,-0.17,1.59,-1.73,32.90,75.81,-117.74
17000,-0.95,2.31,-0.01,-3.97,45.78,-91.43
17020,0.31,1.17,0.16,22.46,10.74,15.87
17040,0.25,0.94,-0.17,-0.98,7.20,-2.14
17060,0.24,0.98,-0.12,-3.11,9.89,-11.78
17080,0.17,1.02,-0.09,-1.40,18.74,-10.80
17100,0.14,1.03,-0.09,5.62,7.26,-9.64
17120,0.16,0.99,-0.15,6.16,3.91,-5.92
17140,0.18,0.99,-0.15,6.04,-2.69,-6.29
17160,0.18,0.99,-0.15,4.09,-2.87,-6.16
17180,0.18,0.99,-0.16,1.65,-3.30,-6.53
17200,0.18,0.99,-0.15,-0.06,-3.23,-6.10
17220,0.17,0.99,-0.14,-0.67,-3.36,-5.80
17240,0.18,1.00,-0.14,0.00,-2.01,-5.25
17260,0.18,0.99,-0.15,0.18,-0.43,-4.46
17280,0.17,0.99,-0.15,-1.04,1.10,-3.85
17300,0.17,0.99,-0.15,-1.89,2.20,-2.81
17320,0.17,1.00,-0.14,-2.93,2.87,-1.53
17340,0.17,1.00,-0.13,-2.56,2.50,-0.43
17360,0.17,1.00,-0.13,-1.59,2.20,0.18
17380,0.17,1.00,-0.13,-0.06,2.20,0.61
17400,0.17,1.00,-0.14,1.65,2.20,0.67
17420,0.17,0.99,-0.15,2.20,2.44,1.10
17440,0.17,0.99,-0.15,2.20,2.56,1.65
17460,0.17,0.99,-0.15,2.14,3.30,2.08
17480,0.17,0.99,-0.16,1.10,3.85,2.14
17500,0.17,0.99,-0.15,0.31,4.52,2.20
17520,0.16,1.00,-0.14,0.79,5.00,2.75
17540,0.16,0.99,-0.16,-0.12,4.88,4.21
17560,0.17,0.99,-0.16,-2.32,3.30,5.13
17580,0.14,1.00,-0.15,-4.39,0.24,6.23
17600,0.10,1.06,-0.12,-9.34,-6.41,17.52
17620,0.13,1.07,-0.14,-17.76,-12.39,27.83
17640,0.13,1.18,-0.12,-20.26,-17.76,36.87
17660,0.21,1.18,-0.14,-7.08,-26.67,53.22
17680,0.29,1.07,-0.25,-0.92,-23.93,57.92
17700,0.31,1.13,-0.27,-9.03,-18.37,57.62
17720,0.24,1.17,-0.28,-23.01,-21.73,68.54
17740,0.21,1.17,-0.17,-31.62,-23.93,75.81
17760,0.24,1.10,-0.11,-35.46,-27.22,83.37
17780,0.31,0.94,-0.02,-40.59,-26.37,90.64
17800,0.45,0.78,0.03,-42.18,-19.96,89.05
17820,0.51,0.62,0.10,-37.11,-14.65,84.41
17840,0.54,0.65,0.10,-27.16,-8.79,62.44
17860,0.62,0.58,0.12,-19.17,-8.73,51.33
17880,0.59,0.56,0.05,-10.31,-1.77,36.50
17900,0.62,0.61,0.13,-2.62,-6.29,16.30
17920,0.66,0.57,0.09,6.04,0.12,3.97
17940,0.65,0.55,0.06,9.77,5.49,-12.27
17960,0.65,0.57,0.11,21.42,9.95,-29.66
17980,0.66,0.48,0.32,44.13,15.38,-59.27
18000,0.50,0.52,0.15,54.20,23.68,-77.51
18020,0.37,0.54,-0.30,46.51,28.81,-82.64
18040,0.42,0.62,-0.68,15.44,34.61,-95.46
18060,0.21,1.13,-0.31,10.56,27.83,-113.83
18080,0.35,0.86,0.30,15.81,15.26,-118.16
18100,0.49,0.61,0.04,31.62,57.25,-140.44
18120,-0.09,3.12,-1.90,3.42,137.39,-163.57
18140,-0.43,2.13,1.19,-25.27,-54.08,-40.47
18160,0.33,0.67,-0.36,3.23,11.23,21.42
18180,0.35,0.81,-0.23,1.53,-0.92,-5.43
18200,0.25,0.98,-0.12,-5.98,15.14,-13.00
18220,0.20,1.04,-0.10,1.16,11.84,-18.31
18240,0.17,1.01,-0.13,6.53,8.61,-18.43
18260,0.13,1.01,-0.13,5.80,2.62,-17.46
18280,0.14,1.02,-0.11,5.25,-1.10,-9.28
18300,0.16,1.00,-0.13,2.38,0.79,-4.64
18320,0.18,0.99,-0.14,2.14,-0.06,-2.44
18340,0.17,0.99,-0.15,2.38,0.31,-1.77
18360,0.18,0.99,-0.14,2.26,-1.59,-1.46
18380,0.19,0.99,-0.15,3.23,-0.85,-1.59
18400,0.18,0.99,-0.16,3.66,0.55,-1.40
18420,0.18,0.98,-0.17,0.37,2.20,-1.83
18440,0.18,0.99,-0.15,-1.53,2.62,-1.89
18460,0.18,0.99,-0.15,-1.28,2.62,-1.40
18480,0.17,1.00,-0.14,-0.98,1.71,-1.28
18500,0.18,0.99,-0.15,-0.43,1.40,-1.16
18520,0.18,0.99,-0.15,0.06,1.22,-0.73
18540,0.18,0.99,-0.16,-0.06,2.44,-0.49
18560,0.18,0.99,-0.15,-0.79,3.36,-0.31
18580,0.18,0.99,-0.15,-1.22,3.91,0.06
18600,0.18,0.99,-0.15,-1.71,3.91,0.55
18620,0.17,0.99,-0.15,-1.89,4.21,0.55
18640,0.16,0.99,-0.14,-1.40,4.76,1.46
18660,0.16,0.99,-0.16,-2.20,4.03,3.23
18680,0.15,0.99,-0.16,-3.60,2.50,6.65
18700,0.17,1.00,-0.17,-8.00,-0.43,10.80
18720,0.17,1.01,-0.13,-13.12,-1.65,14.47
18740,0.14,1.06,-0.11,-17.76,-4.03,20.94
18760,0.13,1.15,-0.09,-20.57,-7.45,30.27
18780,0.12,1.21,-0.16,-17.82,-12.94,41.75
18800,0.22,1.25,-0.24,-16.60,-18.55,54.75
18820,0.29,1.22,-0.23,-19.10,-14.95,60.42
18840,0.23,1.18,-0.27,-23.62,-12.57,68.54
18860,0.24,1.06,-0.19,-35.40,-16.17,78.61
18880,0.29,0.99,-0.17,-41.63,-18.49,80.57
18900,0.29,0.96,-0.07,-43.76,-19.59,80.14
18920,0.40,0.83,-0.00,-47.06,-17.88,85.21
18940,0.40,0.82,-0.03,-48.58,-8.12,84.35
18960,0.50,0.75,-0.01,-47.73,-6.10,80.75
18980,0.55,0.63,0.04,-42.36,-0.61,67.20
19000,0.62,0.59,0.08,-35.34,-4.46,56.64
19020,0.63,0.53,0.11,-27.53,-4.09,42.05
19040,0.67,0.52,0.23,-11.78,-6.90,17.15
19060,0.74,0.39,0.23,-3.60,-6.29,-1.16
19080,0.72,0.42,0.24,4.15,-0.18,-26.00
19100,0.82,0.33,0.41,31.49,7.51,-71.29
19120,0.77,-0.12,0.23,44.80,17.82,-112.49
19140,0.21,0.32,-0.14,48.58,27.34,-162.35
19160,0.16,1.24,-0.03,53.89,-4.64,-165.47
19180,-0.15,1.74,0.19,81.42,-9.34,-114.07
19200,0.28,0.96,0.09,94.36,-1.40,-61.65
19220,0.64,0.39,-0.11,76.90,30.15,-76.78
19240,-0.21,2.72,-2.51,34.24,181.15,-177.73
19260,-0.99,2.48,1.70,-33.87,-43.52,-71.29
19280,0.55,0.68,-0.41,5.92,-44.62,45.53
19300,0.24,0.91,-0.16,-2.14,2.93,2.69
19320,0.15,1.02,-0.10,3.66,5.62,-7.39
19340,0.22,1.00,-0.10,9.09,4.52,-2.38
19360,0.19,0.98,-0.16,8.67,0.92,-4.46
19380,0.18,0.99,-0.15,5.55,-0.73,-5.80
19400,0.18,0.99,-0.16,4.46,-2.14,-6.04
19420,0.17,0.99,-0.16,2.08,-1.53,-2.99
19440,0.19,0.98,-0.16,0.12,-0.98,-1.71
19460,0.19,0.99,-0.13,-0.49,-0.31,-2.08
19480,0.18,1.00,-0.13,1.34,-0.18,-1.77
19500,0.18,0.99,-0.15,1.53,-0.73,-1.77
19520,0.18,0.99,-0.16,0.73,-1.46,-2.20
19540,0.18,0.99,-0.16,-0.85,-1.83,-2.99
19560,0.17,0.99,-0.15,-2.81,-2.44,-2.87
19580,0.18,0.99,-0.14,-3.05,-1.83,-1.89
19600,0.18,1.00,-0.13,-2.62,-0.98,-0.73
19620,0.17,1.00,-0.13,-0.92,0.73,0.24
19640,0.18,1.00,-0.14,0.06,1.77,1.46
19660,0.18,0.99,-0.15,-0.18,2.81,2.08
19680,0.18,0.99,-0.14,-1.10,5.00,2.32
19700,0.18,0.99,-0.15,-1.28,5.98,3.17
19720,0.19,0.99,-0.15,-3.42,6.04,3.78
19740,0.16,1.00,-0.14,-6.53,4.46,2.62
19760,0.15,1.00,-0.14,-9.28,1.40,5.80
19780,0.13,1.01,-0.13,-13.37,-2.08,12.21
19800,0.09,1.09,-0.11,-21.97,-6.90,19.10
19820,0.15,1.10,-0.13,-24.54,-12.45,28.38
19840,0.12,1.25,-0.13,-21.06,-19.35,39.31
19860,0.26,1.31,-0.21,-7.87,-24.60,55.97
19880,0.27,1.31,-0.22,-8.06,-18.62,66.35
19900,0.15,1.39,-0.29,-18.43,-13.49,80.44
19920,0.14,1.35,-0.22,-28.20,-20.20,105.35
19940,0.19,1.09,-0.12,-33.81,-25.51,119.51
19960,0.28,0.94,-0.02,-41.50,-25.39,126.83
19980,0.36,0.86,-0.00,-43.33,-21.18,132.20
20000,0.61,0.48,0.11,-44.74,-13.00,126.53
20020,0.70,0.34,0.07,-46.45,-4.15,104.92
20040,0.72,0.15,0.04,-36.07,-0.37,77.45
20060,0.76,0.13,0.20,-15.14,-1.83,30.46
20080,0.82,0.09,0.28,2.38,-3.42,1.89
20100,0.82,0.24,0.27,17.58,2.44,-33.45
20120,0.88,0.15,0.38,48.71,12.21,-88.13
20140,0.69,-0.18,0.13,57.86,29.05,-132.02
20160,0.22,-0.02,-0.47,40.65,44.07,-165.28
20180,-0.04,1.82,-0.37,34.18,34.24,-190.61
20200,-0.19,2.15,0.07,35.10,0.98,-131.59
20220,0.24,1.30,0.32,47.12,-3.30,-69.15
20240,0.64,0.32,0.01,41.50,32.47,-77.27
20260,1.09,0.14,-0.79,26.73,88.07,-122.19
20280,-1.86,2.52,-0.31,11.11,148.44,-169.49
20300,0.15,1.51,-0.45,12.45,-28.50,34.91
20320,0.35,0.90,-0.11,-6.47,3.42,9.77
20340,0.24,0.99,-0.10,6.65,3.42,-3.72
20360,0.19,1.02,-0.11,12.57,5.25,-4.46
20380,0.15,1.00,-0.16,11.72,7.81,-6.71
20400,0.19,0.97,-0.18,6.53,1.10,-4.64
20420,0.19,0.98,-0.17,4.15,-0.43,-6.16
20440,0.18,0.98,-0.18,4.15,-0.18,-5.49
20460,0.19,0.97,-0.19,1.10,0.98,-4.21
20480,0.18,0.99,-0.17,-2.56,2.26,-3.60
20500,0.18,0.99,-0.16,-4.64,4.70,-1.65
20520,0.17,1.00,-0.14,-4.82,5.62,-0.92
20540,0.18,0.99,-0.16,-4.39,4.94,-0.43
20560,0.17,0.99,-0.15,-3.36,4.82,0.92
20580,0.13,1.01,-0.13,-1.95,4.76,4.15
20600,0.16,0.99,-0.16,-2.32,3.97,10.68
20620,0.18,1.01,-0.15,-12.02,1.04,15.93
20640,0.15,1.04,-0.10,-15.20,2.14,17.88
20660,0.05,1.15,-0.05,-13.00,1.22,25.94
20680,-0.04,1.45,-0.27,-17.09,-13.67,61.34
20700,0.21,1.44,-0.29,-15.44,-29.05,79.41
20720,0.27,1.41,-0.25,-10.93,-19.17,91.43
20740,0.14,1.42,-0.41,-20.32,-23.38,119.14
20760,0.16,1.17,-0.31,-33.69,-28.08,128.54
20780,0.24,0.95,-0.21,-44.49,-33.63,130.19
20800,0.32,0.81,-0.05,-57.80,-29.66,128.72
20820,0.45,0.79,-0.09,-66.16,-17.21,128.30
20840,0.65,0.56,0.02,-68.42,-15.26,123.60
20860,0.74,0.38,0.05,-68.85,-17.58,111.08
20880,0.76,0.23,0.03,-55.36,-16.85,74.40
20900,0.76,0.17,0.18,-33.26,-27.22,47.30
20920,0.77,0.10,0.45,-5.19,-31.56,18.43
20940,0.82,0.07,0.64,35.95,-20.63,-25.39
20960,0.87,0.17,0.50,51.64,-5.25,-58.90
20980,0.77,0.14,0.16,56.70,16.78,-91.13
21000,0.76,-0.01,-0.20,48.77,33.45,-143.01
21020,0.30,0.19,-0.41,38.02,34.06,-173.83
21040,-0.01,1.22,-0.13,47.61,23.07,-200.32
21060,-0.22,1.65,0.14,70.74,-2.69,-156.43
21080,0.10,1.36,0.03,71.11,11.23,-106.81
21100,0.34,0.88,-0.14,57.62,30.70,-92.59
21120,1.03,0.32,-3.35,30.33,132.63,-148.99
21140,-1.61,2.83,2.32,2.14,53.22,-135.07
21160,0.78,0.77,-0.41,23.93,-60.42,41.44
21180,0.35,0.94,-0.10,1.77,16.24,12.76
21200,0.16,1.00,-0.17,11.05,17.09,-1.89
21220,0.18,1.03,-0.10,13.55,6.71,-0.06
21240,0.16,0.98,-0.21,10.74,-9.09,0.61
21260,0.20,0.96,-0.21,-2.50,-3.54,-0.92
21280,0.20,0.97,-0.20,-9.34,-6.10,-2.20
21300,0.12,1.01,-0.18,-13.98,-8.36,-1.04
21320,0.18,1.01,-0.15,-23.07,-15.81,6.71
21340,0.25,0.98,-0.15,-25.82,-15.56,8.79
21360,0.23,1.00,-0.10,-22.89,-11.11,7.02
21380,0.23,0.99,-0.12,-14.59,-3.72,5.68
21400,0.27,0.96,-0.11,-12.33,-1.46,5.31
21420,0.27,0.95,-0.12,-9.40,3.97,2.75
21440,0.24,0.99,-0.03,-3.30,13.31,-1.59
21460,0.20,1.00,-0.06,7.26,18.86,-0.24
21480,0.05,1.12,-0.10,9.46,18.01,5.43
21500,0.14,1.15,-0.11,-0.43,3.17,40.10
21520,0.19,1.13,-0.12,-0.18,-1.40,50.05
21540,0.31,1.01,-0.11,0.79,-1.77,53.77
21560,0.31,0.94,-0.13,2.81,3.91,46.39
21580,0.24,1.22,-0.20,0.98,1.04,47.67
21600,0.28,1.23,-0.28,-5.25,-4.58,56.82
21620,0.31,1.18,-0.29,-11.66,-16.11,69.46
21640,0.28,1.14,-0.35,-22.16,-18.98,73.55
21660,0.25,1.12,-0.26,-27.83,-27.47,77.70
21680,0.22,1.22,-0.27,-37.05,-34.12,84.47
21700,0.28,1.16,-0.10,-57.31,-43.27,103.52
21720,0.48,0.81,-0.00,-67.32,-32.90,122.25
21740,0.59,0.52,-0.02,-70.43,-18.62,121.58
21760,0.69,0.45,0.10,-49.99,-17.58,95.76
21780,0.75,0.29,0.21,-31.19,-31.86,76.05
21800,0.69,0.21,0.28,-7.63,-33.81,52.25
21820,0.88,-0.22,0.55,30.70,-35.28,13.24
21840,0.85,-0.33,0.66,49.87,-16.05,-28.26
21860,0.99,-0.42,0.58,68.18,5.55,-73.73
21880,0.76,-0.26,0.07,84.11,65.86,-174.74
21900,0.15,0.02,-0.71,62.99,82.09,-201.66
21920,0.08,1.21,-0.80,16.97,46.88,-225.40
21940,-0.29,1.68,0.01,21.18,-5.07,-186.22
21960,0.26,1.07,0.39,26.92,15.26,-151.61
21980,-0.64,4.00,-4.00,56.34,131.16,-182.07
22000,-1.16,2.78,1.63,18.86,-41.20,35.22
22020,0.29,0.90,-0.25,1.46,35.83,22.40
22040,0.24,0.93,-0.18,2.81,27.16,13.79
22060,0.28,0.96,-0.10,6.47,5.92,-2.62
22080,0.20,0.99,-0.17,24.66,3.48,-3.54
22100,0.21,0.96,-0.22,16.54,-1.83,-4.76
22120,0.22,0.96,-0.22,3.91,-4.94,-8.73
22140,0.19,0.97,-0.20,-6.29,-2.69,-10.44
22160,0.16,0.98,-0.20,-10.80,-3.05,-9.28
22180,0.14,1.01,-0.15,-16.54,-5.68,-3.48
22200,0.22,0.98,-0.15,-20.39,-9.34,2.08
22220,0.21,1.00,-0.11,-17.58,-5.49,1.83
22240,0.20,1.01,-0.10,-13.49,-1.34,2.50
22260,0.17,1.06,-0.11,-11.17,0.79,7.26
22280,0.19,1.06,-0.05,-10.31,0.31,15.87
22300,0.23,1.02,-0.09,-5.37,4.94,21.42
22320,0.13,1.08,-0.09,3.17,10.86,24.35
22340,0.03,1.32,-0.11,3.17,2.32,40.95
22360,0.10,1.49,-0.16,0.92,-8.30,66.10
22380,0.29,1.24,-0.25,-4.03,-4.94,91.49
22400,0.32,1.01,-0.19,-3.30,-5.25,100.65
22420,0.25,1.13,-0.19,-4.64,-5.80,101.26
22440,0.32,1.07,-0.19,-7.81,-17.09,109.62
22460,0.29,1.02,-0.37,-13.79,-26.31,115.30
22480,0.33,0.99,-0.40,-26.98,-31.07,116.15
22500,0.36,0.86,-0.25,-44.01,-34.85,116.39
22520,0.52,0.60,-0.09,-65.80,-20.57,114.26
22540,0.75,0.34,0.01,-71.47,-22.83,103.58
22560,0.78,0.23,-0.03,-73.30,-9.64,80.87
22580,0.86,0.20,0.09,-62.62,-11.78,41.26
22600,0.86,0.14,0.24,-40.95,-15.63,11.84
22620,0.81,0.15,0.42,-13.55,-16.48,-18.80
22640,0.86,0.15,0.54,12.15,-3.91,-63.05
22660,0.76,0.14,0.43,30.88,11.78,-97.84
22680,0.65,0.26,0.26,44.01,29.79,-127.69
22700,0.48,0.08,-0.07,61.34,33.87,-158.75
22720,0.36,0.08,-0.53,38.64,26.98,-178.34
22740,0.09,0.83,-0.46,16.17,28.14,-211.24
22760,-0.47,2.37,0.08,19.10,-10.56,-196.53
22780,0.28,1.17,0.47,27.95,-20.57,-114.81
22800,1.16,2.14,-1.65,61.10,69.58,-132.20
22820,-0.91,2.36,1.16,9.40,-38.64,-17.27
22840,0.26,0.82,-0.54,9.16,12.57,20.57
22860,0.14,1.05,0.01,-4.64,28.99,15.81
22880,0.21,0.93,-0.18,29.48,18.31,5.68
22900,0.19,1.01,-0.09,26.49,3.85,2.14
22920,0.20,0.95,-0.22,21.42,5.55,1.95
22940,0.19,0.97,-0.18,10.13,-0.79,-2.14
22960,0.19,0.98,-0.18,1.65,-0.18,-2.44
22980,0.21,0.97,-0.18,-3.23,-1.10,-2.01
23000,0.19,0.97,-0.17,-7.69,-0.67,-2.69
23020,0.20,0.98,-0.15,-14.16,-2.14,-2.26
23040,0.20,0.99,-0.15,-15.81,-2.26,-2.20
23060,0.19,1.00,-0.09,-16.54,-0.18,-1.40
23080,0.17,1.02,-0.09,-6.53,2.32,2.62
23100,0.14,1.01,-0.13,-5.31,2.08,8.54
23120,0.19,1.02,-0.09,-10.80,-1.16,16.42
23140,0.18,1.06,-0.01,-5.25,5.00,24.90
23160,0.14,1.11,0.00,7.26,10.07,32.53
23180,0.18,1.04,-0.12,13.98,8.30,45.47
23200,0.13,1.13,-0.11,4.82,-10.74,59.51
23220,0.31,1.09,-0.15,2.50,-7.26,64.88
23240,0.31,1.13,-0.23,0.92,-6.16,67.50
23260,0.26,1.31,-0.35,-7.63,-10.62,76.84
23280,0.26,1.23,-0.31,-14.47,-20.63,89.84
23300,0.26,1.13,-0.31,-21.42,-26.49,99.30
23320,0.28,1.08,-0.24,-28.93,-34.73,103.70
23340,0.30,0.91,-0.27,-49.44,-31.86,99.61
23360,0.42,0.77,-0.13,-66.41,-33.02,98.33
23380,0.61,0.51,0.03,-74.77,-26.25,101.26
23400,0.72,0.39,0.11,-68.73,-17.64,78.98
23420,0.67,0.58,0.06,-57.31,-14.47,52.86
23440,0.72,0.64,0.13,-52.43,-20.32,47.24
23460,0.73,0.57,0.14,-37.05,-19.10,29.79
23480,0.75,0.38,0.25,-19.71,-17.40,17.09
23500,0.73,0.10,0.43,0.61,-12.21,-1.53
23520,0.71,0.09,0.47,21.67,1.65,-39.67
23540,0.90,-0.01,0.59,44.37,11.35,-69.34
23560,0.77,0.05,0.41,64.21,26.00,-107.36
23580,0.69,0.37,-0.29,69.21,25.51,-156.31
23600,0.32,0.52,-0.34,70.68,27.47,-188.54
23620,0.05,0.95,-0.08,69.64,28.87,-201.72
23640,-0.07,1.28,-0.18,52.12,30.64,-170.84
23660,0.46,1.81,-0.17,60.61,24.96,-132.32
23680,-0.87,2.20,-1.11,68.12,101.50,-115.30
23700,-0.05,1.65,0.48,25.09,5.25,16.24
23720,0.36,0.77,-0.38,18.07,21.36,3.91
23740,0.27,0.94,-0.19,-0.18,24.41,-6.41
23760,0.26,0.97,-0.17,-2.26,18.68,-16.11
23780,0.16,1.03,-0.13,-2.93,7.08,-16.48
23800,0.16,1.02,-0.11,-2.01,1.77,-11.54
23820,0.18,1.01,-0.12,-0.79,0.06,-6.41
23840,0.21,0.98,-0.15,-0.55,0.98,-3.48
23860,0.21,0.98,-0.16,-0.43,-0.24,-4.46
23880,0.21,0.98,-0.16,-0.85,-1.53,-5.55
23900,0.20,0.98,-0.16,-2.44,-3.54,-7.75
23920,0.20,0.99,-0.15,-2.44,-3.05,-7.81
23940,0.19,0.99,-0.14,-2.81,-1.83,-6.77
23960,0.18,0.99,-0.15,-4.39,0.37,-3.11
23980,0.18,0.99,-0.15,-4.52,1.16,-0.67
24000,0.17,1.00,-0.14,-5.68,0.37,1.89
24020,0.19,1.02,-0.11,-3.60,-1.46,5.07
24040,0.19,1.01,-0.12,-1.71,-2.75,9.64
24060,0.15,1.03,-0.11,-1.16,-2.08,14.22
24080,0.13,1.08,-0.13,-7.81,-6.77,29.91
24100,0.14,1.26,-0.13,-9.64,-10.62,43.82
24120,0.17,1.32,-0.15,-3.30,-18.07,57.74
24140,0.23,1.31,-0.22,2.87,-17.27,75.13
24160,0.23,1.19,-0.32,-5.86,-10.93,82.82
24180,0.28,1.07,-0.28,-11.41,-17.76,90.88
24200,0.31,0.95,-0.20,-18.80,-20.51,90.27
24220,0.33,0.93,-0.13,-23.80,-24.05,85.63
24240,0.44,0.77,-0.10,-26.79,-27.34,84.17
24260,0.42,0.83,-0.12,-32.78,-19.35,76.29
24280,0.47,0.88,-0.06,-34.67,-17.46,70.50
24300,0.51,0.89,0.02,-35.22,-15.99,74.89
24320,0.58,0.73,0.04,-35.22,-22.22,73.06
24340,0.69,0.49,0.03,-36.87,-17.76,60.85
24360,0.73,0.42,0.03,-35.52,-13.24,43.88
24380,0.70,0.40,0.04,-26.67,-8.48,23.50
24400,0.71,0.36,0.22,-10.31,-3.54,-2.20
24420,0.76,0.39,0.31,-0.79,0.31,-23.32
24440,0.74,0.34,0.33,12.21,8.67,-46.39
24460,0.75,0.29,0.31,35.83,27.10,-86.36
24480,0.57,0.15,-0.04,38.45,36.87,-110.41
24500,0.36,0.40,-0.44,16.05,36.62,-129.03
24520,0.36,0.73,-0.36,12.27,25.27,-152.04
24540,0.16,1.40,-0.06,12.45,8.73,-154.66
24560,0.23,0.97,0.30,14.83,-1.16,-134.09
24580,0.20,0.93,0.13,30.15,33.45,-144.84
24600,-1.73,3.10,-2.40,67.38,125.49,-145.94
24620,-0.62,1.65,0.34,22.16,-29.42,-24.66
24640,0.47,0.79,-0.26,7.51,-31.13,26.37
24660,0.21,0.94,-0.17,0.43,21.67,-3.97
24680,0.16,1.04,-0.10,-1.53,4.94,-11.66
24700,0.21,1.00,-0.09,0.31,0.12,-6.53
24720,0.18,0.99,-0.13,2.75,-3.05,-6.71
24740,0.20,0.99,-0.12,2.01,-2.93,-6.77
24760,0.20,0.99,-0.12,1.83,0.12,-6.96
24780,0.17,1.00,-0.12,2.08,0.24,-6.77
24800,0.19,0.99,-0.14,0.31,0.37,-3.60
24820,0.20,0.99,-0.13,-0.43,0.49,-2.75
24840,0.19,0.99,-0.13,-1.10,2.38,-3.72
24860,0.18,1.00,-0.13,-0.92,3.85,-4.15
24880,0.18,1.00,-0.12,-0.92,3.72,-4.15
24900,0.17,1.00,-0.12,-0.92,2.62,-2.81
24920,0.18,1.00,-0.12,-2.44,1.65,-1.10
24940,0.18,1.00,-0.12,-2.62,1.22,-0.79
24960,0.18,1.00,-0.12,-1.28,0.85,-0.67
24980,0.18,1.00,-0.12,0.79,0.98,-0.24
25000,0.17,1.00,-0.12,1.65,0.92,0.24
25020,0.13,1.01,-0.10,1.46,0.37,3.11
25040,0.17,1.00,-0.14,-0.49,-4.03,9.34
25060,0.15,1.03,-0.14,-5.98,-5.92,13.92
25080,0.17,1.04,-0.11,-11.47,-5.98,20.14
25100,0.12,1.14,-0.09,-13.18,-10.07,31.92
25120,0.09,1.24,-0.17,-8.00,-13.98,44.56
25140,0.22,1.26,-0.18,0.79,-21.18,56.76
25160,0.27,1.14,-0.21,-1.22,-15.01,67.87
25180,0.22,1.16,-0.26,-10.80,-13.49,72.51
25200,0.23,1.14,-0.21,-20.20,-17.40,79.22
25220,0.30,0.96,-0.15,-31.13,-21.85,84.78
25240,0.37,0.82,-0.10,-35.83,-22.03,83.56
25260,0.40,0.88,-0.05,-40.10,-18.55,78.86
25280,0.45,0.77,0.06,-37.96,-16.17,76.29
25300,0.51,0.71,0.09,-34.55,-12.70,67.38
25320,0.58,0.59,0.10,-32.84,-10.74,57.74
25340,0.61,0.55,0.07,-29.79,-0.73,35.52
25360,0.64,0.51,0.05,-24.84,-5.92,21.00
25380,0.63,0.56,0.07,-18.31,-0.55,6.71
25400,0.68,0.52,0.15,-11.17,0.79,-18.43
25420,0.63,0.56,0.18,3.30,5.25,-36.50
25440,0.62,0.59,0.20,16.30,9.95,-52.80
25460,0.58,0.52,0.15,29.17,15.14,-67.75
25480,0.47,0.57,-0.17,29.54,20.20,-89.05
25500,0.26,1.00,-0.19,24.54,16.66,-100.40
25520,0.21,1.36,-0.08,26.00,7.75,-95.52
25540,0.40,0.84,0.20,33.33,2.87,-74.58
25560,0.41,0.47,0.14,40.10,24.60,-85.39
25580,0.30,0.73,-0.14,37.17,49.80,-103.76
25600,-0.88,2.90,-2.17,22.46,118.53,-134.16
25620,-0.54,1.99,0.81,12.08,-31.86,-47.61
25640,0.31,0.87,-0.34,11.11,1.83,19.96
25660,0.28,0.93,-0.15,-4.46,0.92,-4.58
25680,0.23,1.00,-0.09,-5.49,6.29,-11.78
25700,0.19,1.00,-0.10,-4.52,13.12,-10.44
25720,0.18,1.02,-0.08,1.40,3.11,-11.47
25740,0.18,1.00,-0.11,1.83,3.72,-8.79
25760,0.19,1.00,-0.11,3.30,-0.67,-9.40
25780,0.18,1.00,-0.12,1.71,0.61,-7.75
25800,0.17,1.00,-0.11,-0.61,-0.92,-5.43
25820,0.18,1.00,-0.11,-0.73,-0.92,-3.05
25840,0.19,0.99,-0.12,-0.06,-0.43,-1.95
25860,0.19,0.99,-0.12,0.18,0.98,-2.01
25880,0.18,0.99,-0.12,-0.49,2.20,-1.89
25900,0.18,1.00,-0.11,-0.85,2.20,-1.16
25920,0.18,1.00,-0.11,-0.49,1.89,0.61
25940,0.18,1.00,-0.12,-0.06,1.95,1.22
25960,0.19,1.00,-0.12,0.24,1.89,1.53
25980,0.19,0.99,-0.12,1.34,2.01,1.16
26000,0.19,0.99,-0.12,1.65,2.08,1.16
26020,0.18,1.00,-0.12,1.46,2.44,1.22
26040,0.18,0.99,-0.13,0.92,2.08,2.75
26060,0.19,0.99,-0.13,-1.04,1.65,4.33
26080,0.19,0.99,-0.13,-2.38,1.28,4.33
26100,0.14,1.01,-0.11,-3.78,-0.18,6.41
26120,0.14,1.04,-0.08,-6.53,-2.93,13.12
26140,0.19,1.01,-0.12,-8.06,-4.52,19.90
26160,0.14,1.07,-0.12,-13.49,-9.46,25.57
26180,0.22,1.02,-0.15,-11.72,-10.13,29.54
26200,0.20,1.08,-0.14,-9.46,-12.51,30.09
26220,0.22,1.16,-0.15,-6.53,-16.17,35.89
26240,0.26,1.14,-0.17,-4.46,-14.34,42.91
26260,0.23,1.19,-0.23,-9.34,-10.38,48.95
26280,0.22,1.23,-0.20,-15.01,-15.08,63.35
26300,0.26,1.10,-0.11,-21.30,-19.41,71.96
26320,0.25,1.08,-0.11,-24.66,-20.87,77.21
26340,0.25,1.14,-0.10,-28.93,-22.46,84.66
26360,0.30,1.09,-0.02,-34.06,-24.48,100.34
26380,0.36,1.01,-0.01,-39.12,-19.96,112.30
26400,0.51,0.78,0.00,-43.76,-16.48,115.78
26420,0.64,0.58,0.02,-55.24,-8.85,98.69
26440,0.66,0.44,-0.07,-53.83,0.18,85.02
26460,0.70,0.39,0.09,-47.79,-9.03,65.55
26480,0.70,0.19,0.18,-30.21,-7.57,37.78
26500,0.71,0.16,0.19,-16.42,-3.42,16.48
26520,0.78,0.06,0.31,4.21,1.40,-6.41
26540,0.92,-0.30,0.43,32.59,15.93,-63.90
26560,0.82,-0.28,0.18,40.16,32.17,-125.24
26580,0.49,0.09,-0.07,48.52,41.26,-181.58
26600,0.12,0.42,-0.08,62.07,26.06,-226.07
26620,-0.26,1.96,0.02,66.65,17.33,-212.46
26640,-0.22,1.79,0.18,77.27,18.01,-151.06
26660,1.26,1.34,-0.20,90.70,120.00,-132.32
26680,-1.56,2.51,0.96,26.43,27.59,-103.45
26700,0.30,0.88,-0.34,11.78,-28.99,38.88
26720,0.47,0.73,-0.31,-4.88,8.48,32.29
26740,0.30,0.86,-0.23,-5.80,18.86,0.00
26760,0.23,1.03,-0.09,-8.18,4.15,-12.39
26780,0.19,1.02,-0.10,-3.97,2.87,-11.11
26800,0.23,0.99,-0.13,-2.81,-3.97,-11.41
26820,0.22,0.99,-0.12,-1.22,-2.32,-12.51
26840,0.19,1.00,-0.11,-1.59,-0.12,-12.88
26860,0.19,1.00,-0.11,-0.49,-2.32,-10.31
26880,0.21,0.99,-0.13,0.31,-3.48,-8.54
26900,0.21,0.99,-0.13,1.46,-3.11,-8.61
26920,0.20,0.99,-0.14,2.08,-0.55,-8.91
26940,0.18,0.99,-0.14,0.55,0.73,-8.24
26960,0.18,1.00,-0.14,-1.71,1.16,-5.19
26980,0.18,1.00,-0.12,-4.27,1.22,-1.10
27000,0.19,1.00,-0.12,-3.97,1.53,-0.18
27020,0.19,1.00,-0.11,-2.32,2.01,0.12
27040,0.20,1.00,-0.12,0.92,3.30,0.73
27060,0.20,1.00,-0.12,2.44,3.60,0.98
27080,0.20,0.99,-0.13,3.78,4.03,0.79
27100,0.19,0.99,-0.13,4.39,3.97,1.04
27120,0.19,0.99,-0.14,3.72,3.60,1.34
27140,0.18,1.00,-0.14,2.75,2.99,2.08
27160,0.16,1.00,-0.14,1.04,1.95,3.36
27180,0.15,1.01,-0.13,-4.58,-2.20,11.96
27200,0.15,1.04,-0.12,-11.41,-5.19,18.62
27220,0.16,1.04,-0.12,-16.36,-7.81,24.72
27240,0.10,1.21,-0.14,-20.45,-17.46,41.32
27260,0.26,1.24,-0.18,-16.42,-28.38,55.11
27280,0.24,1.38,-0.25,-10.13,-26.67,61.71
27300,0.18,1.39,-0.38,-21.67,-19.96,82.64
27320,0.21,1.25,-0.29,-31.92,-25.94,97.90
27340,0.18,1.20,-0.22,-41.63,-27.59,105.53
27360,0.27,1.04,0.00,-52.61,-31.43,119.63
27380,0.40,0.82,0.12,-51.45,-26.00,125.18
27400,0.58,0.60,0.18,-48.46,-15.01,121.83
27420,0.66,0.51,0.16,-44.56,-5.13,91.80
27440,0.61,0.42,-0.03,-37.54,2.32,73.43
27460,0.64,0.48,0.03,-29.30,-8.85,54.93
27480,0.69,0.41,0.08,-3.97,-12.33,36.01
27500,0.69,0.30,0.12,0.79,-8.18,17.64
27520,0.72,0.20,0.22,14.47,-5.86,0.79
27540,0.72,0.13,0.33,32.71,-0.24,-34.67
27560,0.79,-0.23,0.27,55.18,15.08,-64.94
27580,0.82,-0.18,0.01,32.47,35.40,-108.64
27600,0.54,0.18,-0.41,16.36,39.25,-155.82
27620,0.32,0.86,-0.19,22.89,29.36,-207.70
27640,-0.05,1.10,0.24,26.37,14.34,-209.78
27660,-0.16,1.51,0.28,39.06,17.52,-190.06
27680,-1.89,3.71,-2.96,103.70,120.48,-138.18
27700,-0.04,1.67,0.88,32.35,-54.38,-12.51
27720,0.52,0.89,-0.10,11.60,-11.41,46.94
27740,0.38,0.73,-0.27,4.64,24.41,9.16
27760,0.38,0.76,-0.30,-1.53,22.95,-13.24
27780,0.15,1.17,-0.07,-4.88,10.68,-31.98
27800,0.13,1.02,-0.12,8.67,-1.10,-17.70
27820,0.20,0.98,-0.16,5.80,-5.55,-14.65
27840,0.21,0.98,-0.14,1.28,-5.07,-14.22
27860,0.19,0.99,-0.15,-2.75,-2.08,-12.33
27880,0.20,0.99,-0.14,-4.39,-4.88,-10.07
27900,0.21,0.99,-0.14,-4.94,-4.03,-7.69
27920,0.20,0.99,-0.13,-4.33,-3.72,-7.08
27940,0.20,0.99,-0.12,-3.36,-1.28,-7.39
27960,0.18,1.00,-0.11,-2.56,0.31,-6.10
27980,0.19,1.00,-0.11,-1.83,2.14,-3.05
28000,0.19,1.00,-0.11,1.65,3.78,0.43
28020,0.19,0.99,-0.13,3.97,5.19,2.14
28040,0.20,0.99,-0.14,3.17,5.68,2.44
28060,0.19,1.00,-0.11,2.38,6.29,2.62
28080,0.20,0.99,-0.13,3.97,7.02,3.78
28100,0.20,0.99,-0.14,4.15,7.75,4.33
28120,0.17,1.00,-0.14,2.44,6.59,4.09
28140,0.16,1.00,-0.13,0.79,4.39,7.87
28160,0.20,1.00,-0.14,-2.56,2.26,14.71
28180,0.13,1.02,-0.13,-5.43,3.60,16.30
28200,0.16,1.04,-0.12,-15.26,-1.10,25.57
28220,0.18,1.06,-0.14,-22.28,-2.99,34.67
28240,0.23,1.09,-0.16,-27.34,-11.54,38.51
28260,0.18,1.29,-0.23,-29.24,-21.48,42.05
28280,0.27,1.58,-0.26,-30.64,-27.04,56.95
28300,0.09,1.72,-0.47,-37.41,-31.43,99.85
28320,0.11,1.30,-0.35,-53.04,-33.81,116.64
28340,0.13,1.01,-0.16,-71.23,-34.91,120.91
28360,0.36,0.78,0.03,-90.27,-28.87,124.63
28380,0.68,0.45,0.15,-93.32,-6.35,115.05
28400,0.72,0.39,0.16,-81.36,-1.46,90.45
28420,0.70,0.27,0.17,-53.34,-8.18,66.41
28440,0.69,0.15,0.42,-17.82,-25.39,26.18
28460,0.67,0.03,0.40,7.45,-17.82,1.65
28480,0.65,-0.04,0.39,13.67,-8.48,-21.61
28500,0.63,0.15,0.28,25.82,9.52,-73.30
28520,0.71,0.26,0.18,47.85,17.21,-104.43
28540,0.62,0.50,-0.00,61.34,18.13,-130.92
28560,0.25,0.98,-0.13,57.92,4.09,-172.24
28580,0.09,1.17,-0.04,52.43,1.40,-166.14
28600,0.09,1.02,0.18,58.59,0.31,-150.02
28620,0.48,2.46,-0.32,71.04,38.33,-141.54
28640,-0.83,2.49,-0.20,138.73,92.41,-83.37
28660,0.55,1.11,0.37,5.37,-79.77,57.74
28680,0.48,0.65,-0.57,18.68,52.55,28.99
28700,0.33,0.86,-0.19,9.22,15.50,-0.92
28720,0.23,1.03,-0.06,7.63,8.79,-14.71
28740,0.20,1.00,-0.14,8.48,3.42,-14.59
28760,0.23,0.97,-0.16,2.93,-5.37,-18.55
28780,0.21,0.98,-0.14,-2.44,-2.38,-18.92
28800,0.19,0.99,-0.15,-3.97,-2.44,-20.08
28820,0.17,1.00,-0.12,-6.96,-5.25,-17.27
28840,0.19,1.01,-0.09,-6.84,-6.65,-13.85
28860,0.17,1.01,-0.09,-3.17,-4.52,-11.05
28880,0.17,1.00,-0.11,-1.10,-0.12,-6.59
28900,0.17,1.00,-0.11,-1.46,0.12,-4.64
28920,0.17,1.00,-0.12,-2.75,0.12,-2.14
28940,0.18,1.01,-0.10,-2.81,-0.31,-0.43
28960,0.18,1.00,-0.10,-0.37,1.22,1.22
28980,0.18,1.00,-0.11,0.92,2.87,2.01
29000,0.18,0.99,-0.12,0.73,4.39,2.38
29020,0.19,0.99,-0.12,0.67,3.97,2.32
29040,0.18,0.99,-0.12,0.43,2.81,2.20
29060,0.18,1.00,-0.12,-0.31,0.85,2.50
29080,0.15,0.99,-0.12,-1.28,-0.37,3.54
29100,0.11,1.01,-0.15,-5.25,-3.78,11.23
29120,0.20,0.99,-0.13,-20.08,-6.84,21.48
29140,0.22,1.03,-0.04,-21.85,-6.65,19.47
29160,0.20,1.02,-0.10,-14.89,-0.73,18.80
29180,0.22,1.00,-0.13,-17.58,-0.85,20.08
29200,0.15,1.17,-0.11,-23.32,-7.87,25.94
29220,0.19,1.22,-0.18,-25.33,-17.70,35.95
29240,0.22,1.41,-0.24,-22.03,-23.32,45.47
29260,0.17,1.38,-0.18,-28.32,-16.42,66.71
29280,0.18,1.26,-0.17,-36.62,-16.97,80.69
29300,0.27,0.98,-0.19,-46.88,-14.40,87.65
29320,0.34,0.82,-0.03,-59.63,-11.66,80.99
29340,0.42,0.83,0.09,-60.30,-11.47,78.00
29360,0.48,0.77,0.15,-58.78,-6.96,77.09
29380,0.53,0.66,0.21,-45.17,-1.59,60.85
29400,0.50,0.76,0.22,-38.27,4.94,51.39
29420,0.55,0.76,0.20,-32.47,6.10,46.94
29440,0.56,0.72,0.16,-24.11,7.26,39.55
29460,0.60,0.70,0.17,-14.89,4.70,33.75
29480,0.63,0.63,0.18,-7.08,4.88,26.06
29500,0.66,0.56,0.37,10.99,5.13,7.32
29520,0.75,0.43,0.49,34.42,7.39,-10.68
29540,0.81,0.12,0.34,56.34,15.93,-36.62
29560,0.81,-0.08,-0.05,42.36,28.99,-97.05
29580,0.54,0.21,-0.25,43.52,6.41,-139.34
29600,0.38,0.24,-0.18,32.41,-11.17,-167.66
29620,0.32,1.10,0.19,31.37,-12.94,-206.54
29640,0.35,0.55,0.77,117.37,5.98,-192.50
29660,-3.99,0.85,-2.62,241.70,247.80,-249.45
29680,-0.72,1.85,0.58,-1.22,-141.78,2.08
29700,0.87,0.44,-0.41,-1.22,23.62,41.50
29720,0.24,0.91,-0.27,8.97,40.22,-4.15
29740,0.09,1.09,0.00,-5.86,19.41,-12.02
29760,0.24,0.98,-0.11,-3.60,1.22,-2.87
29780,0.20,1.00,-0.13,-0.67,-0.31,-7.93
29800,0.22,1.00,-0.09,1.65,-1.77,-9.28
29820,0.18,1.00,-0.11,5.55,6.77,-11.60
29840,0.15,1.01,-0.12,4.27,5.13,-11.47
29860,0.18,0.99,-0.14,0.92,2.93,-5.25
29880,0.20,0.98,-0.14,-2.50,1.40,-3.36
29900,0.19,0.99,-0.13,-2.99,5.13,-3.11
29920,0.16,1.00,-0.10,-2.69,6.77,-1.53
29940,0.15,1.02,-0.10,-3.05,6.04,6.04
29960,0.19,1.00,-0.11,-3.36,9.34,11.29
29980,0.21,0.99,-0.12,-3.23,12.45,12.08
30000,0.19,0.98,-0.12,-1.04,13.18,10.56
30020,0.17,1.02,-0.06,-0.31,10.68,14.95
30040,0.23,0.97,-0.13,-0.67,12.08,18.07
30060,0.22,1.00,-0.11,1.89,10.86,15.93
30080,0.20,1.00,-0.13,-0.18,11.60,15.75
30100,0.22,0.99,-0.14,-3.23,10.62,17.27
30120,0.23,0.98,-0.13,-4.21,11.41,16.91
30140,0.23,0.98,-0.12,-4.58,10.68,17.09
30160,0.22,1.00,-0.12,-4.88,8.48,18.37
30180,0.26,0.97,-0.14,-6.65,6.29,19.71
30200,0.26,0.97,-0.14,-5.74,4.94,17.46
30220,0.28,0.98,-0.11,-5.00,3.72,16.60
30240,0.30,0.98,-0.08,-0.61,3.30,15.63
30260,0.29,0.97,-0.14,5.37,3.42,13.85
30280,0.29,0.98,-0.13,6.10,2.20,13.06
30300,0.30,0.97,-0.11,6.47,1.77,13.49
30320,0.31,0.95,-0.16,6.84,2.93,13.00
30340,0.31,0.96,-0.14,5.43,2.01,11.47
30360,0.32,0.97,-0.11,5.43,1.28,10.93
30380,0.32,0.95,-0.13,6.53,2.44,9.58
30400,0.33,0.94,-0.13,7.45,3.54,8.48
30420,0.34,0.93,-0.16,8.36,5.37,7.51
30440,0.33,0.94,-0.17,7.20,5.13,4.70
30460,0.33,0.95,-0.15,5.13,3.66,3.66
30480,0.33,0.95,-0.14,4.88,3.23,3.48
30500,0.34,0.94,-0.15,5.43,4.03,3.42
30520,0.34,0.94,-0.17,4.33,4.76,2.56
30540,0.33,0.95,-0.17,3.23,4.46,2.20
30560,0.33,0.96,-0.15,2.99,3.60,2.14
30580,0.34,0.94,-0.17,4.21,4.03,2.20
30600,0.34,0.94,-0.17,4.15,3.97,1.83
30620,0.33,0.95,-0.17,4.46,3.91,1.59
30640,0.34,0.95,-0.18,4.46,3.48,2.01
30660,0.34,0.95,-0.17,4.52,3.17,2.08
30680,0.35,0.94,-0.17,5.07,3.42,2.26